site,camera_id,grid_cell,date,captured_at,visit_id,visit_frame_index,visit_frame_count,crop_filename
emerald_queen,2,G6,2026-05-02,2026-05-02T23:08:51.645000,eq-cam02-20260502-v001,1,1,cam02_20260502230851645000.webp
emerald_queen,3,J5,2026-05-03,2026-05-03T00:08:02.891000,eq-cam03-20260503-v001,1,1,cam03_20260503000802891000.webp
emerald_queen,3,J5,2026-05-08,2026-05-08T12:51:22.774000,eq-cam03-20260508-v001,1,1,cam03_20260508125122774000.webp
emerald_queen,3,J5,2026-05-08,2026-05-08T12:52:00.082000,eq-cam03-20260508-v002,1,1,cam03_20260508125200082000.webp
emerald_queen,3,J5,2026-05-08,2026-05-08T13:10:43.698000,eq-cam03-20260508-v003,1,1,cam03_20260508131043698000.webp
emerald_queen,3,J5,2026-05-08,2026-05-08T16:02:56.540000,eq-cam03-20260508-v004,1,2,cam03_20260508160256540000.webp
emerald_queen,3,J5,2026-05-08,2026-05-08T16:02:57.908000,eq-cam03-20260508-v004,2,2,cam03_20260508160257908000.webp
emerald_queen,3,J5,2026-05-09,2026-05-09T10:52:25.406000,eq-cam03-20260509-v001,1,1,cam03_20260509105225406000.webp
emerald_queen,3,J5,2026-05-09,2026-05-09T11:02:34.923000,eq-cam03-20260509-v002,1,2,cam03_20260509110234923000.webp
emerald_queen,3,J5,2026-05-09,2026-05-09T11:02:36.319000,eq-cam03-20260509-v002,2,2,cam03_20260509110236319000.webp
emerald_queen,3,J5,2026-05-09,2026-05-09T12:11:59.517000,eq-cam03-20260509-v003,1,1,cam03_20260509121159517000.webp
emerald_queen,3,J5,2026-05-09,2026-05-09T12:56:14.397000,eq-cam03-20260509-v004,1,1,cam03_20260509125614397000.webp
emerald_queen,3,J5,2026-05-09,2026-05-09T13:24:54.270000,eq-cam03-20260509-v005,1,1,cam03_20260509132454270000.webp
emerald_queen,1,H6,2026-05-10,2026-05-10T13:21:21.175000,eq-cam01-20260510-v001,1,1,cam01_20260510132121175000.webp
emerald_queen,1,H6,2026-05-10,2026-05-10T17:23:44.877000,eq-cam01-20260510-v002,1,1,cam01_20260510172344877000.webp
emerald_queen,1,H6,2026-05-10,2026-05-10T17:23:48.868000,eq-cam01-20260510-v003,1,1,cam01_20260510172348868000.webp
emerald_queen,1,H6,2026-05-11,2026-05-11T11:33:51.239000,eq-cam01-20260511-v001,1,1,cam01_20260511113351239000.webp
emerald_queen,1,H6,2026-05-11,2026-05-11T12:01:48.897000,eq-cam01-20260511-v002,1,1,cam01_20260511120148897000.webp
emerald_queen,1,H6,2026-05-11,2026-05-11T12:41:16.270000,eq-cam01-20260511-v003,1,1,cam01_20260511124116270000.webp
emerald_queen,1,H6,2026-05-11,2026-05-11T12:53:52.955000,eq-cam01-20260511-v004,1,1,cam01_20260511125352955000.webp
emerald_queen,6,I3,2026-05-11,2026-05-11T12:59:36.598000,eq-cam06-20260511-v001,1,1,cam06_20260511125936598000.webp
emerald_queen,6,I3,2026-05-11,2026-05-11T13:22:25.065000,eq-cam06-20260511-v002,1,1,cam06_20260511132225065000.webp
emerald_queen,6,I3,2026-05-11,2026-05-11T13:54:35.802000,eq-cam06-20260511-v003,1,1,cam06_20260511135435802000.webp
emerald_queen,1,H6,2026-05-11,2026-05-11T14:03:47.646000,eq-cam01-20260511-v005,1,1,cam01_20260511140347646000.webp
emerald_queen,1,H6,2026-05-11,2026-05-11T14:49:07.507000,eq-cam01-20260511-v006,1,1,cam01_20260511144907507000.webp
emerald_queen,3,J5,2026-05-12,2026-05-12T08:45:14.748000,eq-cam03-20260512-v001,1,1,cam03_20260512084514748000.webp
emerald_queen,6,I3,2026-05-12,2026-05-12T08:49:08.048000,eq-cam06-20260512-v001,1,1,cam06_20260512084908048000.webp
emerald_queen,6,I3,2026-05-12,2026-05-12T08:49:12.805000,eq-cam06-20260512-v002,1,1,cam06_20260512084912805000.webp
emerald_queen,4,G5,2026-05-12,2026-05-12T10:09:35.733000,eq-cam04-20260512-v001,1,1,cam04_20260512100935733000.webp
emerald_queen,4,G5,2026-05-12,2026-05-12T11:15:57.843000,eq-cam04-20260512-v002,1,1,cam04_20260512111557843000.webp
emerald_queen,4,G5,2026-05-12,2026-05-12T11:16:01.999000,eq-cam04-20260512-v003,1,1,cam04_20260512111601999000.webp
emerald_queen,1,H6,2026-05-12,2026-05-12T13:13:09.269000,eq-cam01-20260512-v001,1,3,cam01_20260512131309269000.webp
emerald_queen,1,H6,2026-05-12,2026-05-12T13:13:10.633000,eq-cam01-20260512-v001,2,3,cam01_20260512131310633000.webp
emerald_queen,1,H6,2026-05-12,2026-05-12T13:13:12.060000,eq-cam01-20260512-v001,3,3,cam01_20260512131312060000.webp
emerald_queen,11,G3,2026-05-12,2026-05-12T13:23:59.573000,eq-cam11-20260512-v001,1,1,cam11_20260512132359573000.webp
emerald_queen,11,G3,2026-05-12,2026-05-12T13:24:26.993000,eq-cam11-20260512-v002,1,1,cam11_20260512132426993000.webp
emerald_queen,18,F5,2026-05-12,2026-05-12T13:54:35.536000,eq-cam18-20260512-v001,1,1,cam18_20260512135435536000.webp
emerald_queen,18,F5,2026-05-12,2026-05-12T13:56:58.607000,eq-cam18-20260512-v002,1,1,cam18_20260512135658607000.webp
emerald_queen,1,H6,2026-05-12,2026-05-12T15:19:30.950000,eq-cam01-20260512-v002,1,1,cam01_20260512151930950000.webp
emerald_queen,1,H6,2026-05-12,2026-05-12T15:49:21.535000,eq-cam01-20260512-v003,1,1,cam01_20260512154921535000.webp
emerald_queen,1,H6,2026-05-13,2026-05-13T14:09:55.625000,eq-cam01-20260513-v001,1,1,cam01_20260513140955625000.webp
emerald_queen,11,G3,2026-05-13,2026-05-13T14:20:29.633000,eq-cam11-20260513-v001,1,1,cam11_20260513142029633000.webp
emerald_queen,11,G3,2026-05-13,2026-05-13T14:20:46.425000,eq-cam11-20260513-v002,1,1,cam11_20260513142046425000.webp
emerald_queen,18,F5,2026-05-13,2026-05-13T15:28:38.222000,eq-cam18-20260513-v001,1,1,cam18_20260513152838222000.webp
emerald_queen,18,F5,2026-05-13,2026-05-13T15:28:40.823000,eq-cam18-20260513-v002,1,1,cam18_20260513152840823000.webp
emerald_queen,18,F5,2026-05-13,2026-05-13T15:28:43.026000,eq-cam18-20260513-v003,1,3,cam18_20260513152843026000.webp
emerald_queen,18,F5,2026-05-13,2026-05-13T15:28:43.824000,eq-cam18-20260513-v003,2,3,cam18_20260513152843824000.webp
emerald_queen,18,F5,2026-05-13,2026-05-13T15:28:44.224000,eq-cam18-20260513-v003,3,3,cam18_20260513152844224000.webp
emerald_queen,18,F5,2026-05-13,2026-05-13T15:28:51.624000,eq-cam18-20260513-v004,1,1,cam18_20260513152851624000.webp
emerald_queen,18,F5,2026-05-13,2026-05-13T15:29:48.834000,eq-cam18-20260513-v005,1,2,cam18_20260513152948834000.webp
emerald_queen,18,F5,2026-05-13,2026-05-13T15:29:49.243000,eq-cam18-20260513-v005,2,2,cam18_20260513152949243000.webp
emerald_queen,18,F5,2026-05-13,2026-05-13T15:29:54.639000,eq-cam18-20260513-v006,1,6,cam18_20260513152954639000.webp
emerald_queen,18,F5,2026-05-13,2026-05-13T15:29:54.836000,eq-cam18-20260513-v006,2,6,cam18_20260513152954836000.webp
emerald_queen,18,F5,2026-05-13,2026-05-13T15:29:55.040000,eq-cam18-20260513-v006,3,6,cam18_20260513152955040000.webp
emerald_queen,18,F5,2026-05-13,2026-05-13T15:29:55.636000,eq-cam18-20260513-v006,4,6,cam18_20260513152955636000.webp
emerald_queen,18,F5,2026-05-13,2026-05-13T15:29:56.437000,eq-cam18-20260513-v006,5,6,cam18_20260513152956437000.webp
emerald_queen,18,F5,2026-05-13,2026-05-13T15:29:56.837000,eq-cam18-20260513-v006,6,6,cam18_20260513152956837000.webp
emerald_queen,18,F5,2026-05-13,2026-05-13T15:30:12.242000,eq-cam18-20260513-v007,1,5,cam18_20260513153012242000.webp
emerald_queen,18,F5,2026-05-13,2026-05-13T15:30:12.438000,eq-cam18-20260513-v007,2,5,cam18_20260513153012438000.webp
emerald_queen,18,F5,2026-05-13,2026-05-13T15:30:14.239000,eq-cam18-20260513-v007,3,5,cam18_20260513153014239000.webp
emerald_queen,18,F5,2026-05-13,2026-05-13T15:30:14.838000,eq-cam18-20260513-v007,4,5,cam18_20260513153014838000.webp
emerald_queen,18,F5,2026-05-13,2026-05-13T15:30:15.242000,eq-cam18-20260513-v007,5,5,cam18_20260513153015242000.webp
emerald_queen,18,F5,2026-05-13,2026-05-13T15:30:22.048000,eq-cam18-20260513-v008,1,1,cam18_20260513153022048000.webp
emerald_queen,17,H4,2026-05-13,2026-05-13T15:36:30.769000,eq-cam17-20260513-v001,1,1,cam17_20260513153630769000.webp
emerald_queen,17,H4,2026-05-13,2026-05-13T15:37:47.396000,eq-cam17-20260513-v002,1,1,cam17_20260513153747396000.webp
emerald_queen,20,I4,2026-05-14,2026-05-14T11:02:48.946000,eq-cam20-20260514-v001,1,1,cam20_20260514110248946000.webp
emerald_queen,15,H5,2026-05-14,2026-05-14T11:10:29.246000,eq-cam15-20260514-v001,1,1,cam15_20260514111029246000.webp
emerald_queen,12,G4,2026-05-14,2026-05-14T11:30:01.890000,eq-cam12-20260514-v001,1,1,cam12_20260514113001890000.webp
emerald_queen,12,G4,2026-05-14,2026-05-14T11:32:41.903000,eq-cam12-20260514-v002,1,2,cam12_20260514113241903000.webp
emerald_queen,12,G4,2026-05-14,2026-05-14T11:32:43.711000,eq-cam12-20260514-v002,2,2,cam12_20260514113243711000.webp
emerald_queen,1,H6,2026-05-14,2026-05-14T11:33:44.615000,eq-cam01-20260514-v001,1,1,cam01_20260514113344615000.webp
emerald_queen,13,F4,2026-05-14,2026-05-14T11:46:07.010000,eq-cam13-20260514-v001,1,2,cam13_20260514114607010000.webp
emerald_queen,13,F4,2026-05-14,2026-05-14T11:46:07.810000,eq-cam13-20260514-v001,2,2,cam13_20260514114607810000.webp
emerald_queen,13,F4,2026-05-14,2026-05-14T11:46:12.010000,eq-cam13-20260514-v002,1,1,cam13_20260514114612010000.webp
emerald_queen,13,F4,2026-05-14,2026-05-14T11:46:46.614000,eq-cam13-20260514-v003,1,1,cam13_20260514114646614000.webp
emerald_queen,13,F4,2026-05-14,2026-05-14T11:47:25.826000,eq-cam13-20260514-v004,1,1,cam13_20260514114725826000.webp
emerald_queen,13,F4,2026-05-14,2026-05-14T11:47:42.224000,eq-cam13-20260514-v005,1,3,cam13_20260514114742224000.webp
emerald_queen,13,F4,2026-05-14,2026-05-14T11:47:42.429000,eq-cam13-20260514-v005,2,3,cam13_20260514114742429000.webp
emerald_queen,13,F4,2026-05-14,2026-05-14T11:47:42.630000,eq-cam13-20260514-v005,3,3,cam13_20260514114742630000.webp
emerald_queen,1,H6,2026-05-14,2026-05-14T12:05:27.718000,eq-cam01-20260514-v002,1,2,cam01_20260514120527718000.webp
emerald_queen,1,H6,2026-05-14,2026-05-14T12:05:28.511000,eq-cam01-20260514-v002,2,2,cam01_20260514120528511000.webp
emerald_queen,13,F4,2026-05-14,2026-05-14T13:13:55.783000,eq-cam13-20260514-v006,1,2,cam13_20260514131355783000.webp
emerald_queen,13,F4,2026-05-14,2026-05-14T13:13:55.983000,eq-cam13-20260514-v006,2,2,cam13_20260514131355983000.webp
emerald_queen,1,H6,2026-05-14,2026-05-14T14:08:11.419000,eq-cam01-20260514-v003,1,2,cam01_20260514140811419000.webp
emerald_queen,1,H6,2026-05-14,2026-05-14T14:08:12.219000,eq-cam01-20260514-v003,2,2,cam01_20260514140812219000.webp
emerald_queen,1,H6,2026-05-14,2026-05-14T14:23:15.985000,eq-cam01-20260514-v004,1,5,cam01_20260514142315985000.webp
emerald_queen,1,H6,2026-05-14,2026-05-14T14:23:16.184000,eq-cam01-20260514-v004,2,5,cam01_20260514142316184000.webp
emerald_queen,1,H6,2026-05-14,2026-05-14T14:23:16.585000,eq-cam01-20260514-v004,3,5,cam01_20260514142316585000.webp
emerald_queen,1,H6,2026-05-14,2026-05-14T14:23:17.603000,eq-cam01-20260514-v004,4,5,cam01_20260514142317603000.webp
emerald_queen,1,H6,2026-05-14,2026-05-14T14:23:18.584000,eq-cam01-20260514-v004,5,5,cam01_20260514142318584000.webp
emerald_queen,1,H6,2026-05-14,2026-05-14T14:23:24.787000,eq-cam01-20260514-v005,1,2,cam01_20260514142324787000.webp
emerald_queen,1,H6,2026-05-14,2026-05-14T14:23:26.390000,eq-cam01-20260514-v005,2,2,cam01_20260514142326390000.webp
emerald_queen,1,H6,2026-05-14,2026-05-14T15:40:44.200000,eq-cam01-20260514-v006,1,1,cam01_20260514154044200000.webp
emerald_queen,2,G6,2026-05-14,2026-05-14T16:16:44.776000,eq-cam02-20260514-v001,1,1,cam02_20260514161644776000.webp
emerald_queen,1,H6,2026-05-15,2026-05-15T09:57:55.066000,eq-cam01-20260515-v001,1,11,cam01_20260515095755066000.webp
emerald_queen,1,H6,2026-05-15,2026-05-15T09:57:55.661000,eq-cam01-20260515-v001,2,11,cam01_20260515095755661000.webp
emerald_queen,1,H6,2026-05-15,2026-05-15T09:57:56.063000,eq-cam01-20260515-v001,3,11,cam01_20260515095756063000.webp
emerald_queen,1,H6,2026-05-15,2026-05-15T09:57:56.862000,eq-cam01-20260515-v001,4,11,cam01_20260515095756862000.webp
emerald_queen,1,H6,2026-05-15,2026-05-15T09:57:57.267000,eq-cam01-20260515-v001,5,11,cam01_20260515095757267000.webp
emerald_queen,1,H6,2026-05-15,2026-05-15T09:57:58.262000,eq-cam01-20260515-v001,6,11,cam01_20260515095758262000.webp
emerald_queen,1,H6,2026-05-15,2026-05-15T09:57:58.866000,eq-cam01-20260515-v001,7,11,cam01_20260515095758866000.webp
emerald_queen,1,H6,2026-05-15,2026-05-15T09:57:59.463000,eq-cam01-20260515-v001,8,11,cam01_20260515095759463000.webp
emerald_queen,1,H6,2026-05-15,2026-05-15T09:58:00.263000,eq-cam01-20260515-v001,9,11,cam01_20260515095800263000.webp
emerald_queen,1,H6,2026-05-15,2026-05-15T09:58:01.068000,eq-cam01-20260515-v001,10,11,cam01_20260515095801068000.webp
emerald_queen,1,H6,2026-05-15,2026-05-15T09:58:01.265000,eq-cam01-20260515-v001,11,11,cam01_20260515095801265000.webp
emerald_queen,1,H6,2026-05-15,2026-05-15T09:58:04.061000,eq-cam01-20260515-v002,1,3,cam01_20260515095804061000.webp
emerald_queen,1,H6,2026-05-15,2026-05-15T09:58:04.463000,eq-cam01-20260515-v002,2,3,cam01_20260515095804463000.webp
emerald_queen,1,H6,2026-05-15,2026-05-15T09:58:06.062000,eq-cam01-20260515-v002,3,3,cam01_20260515095806062000.webp
emerald_queen,1,H6,2026-05-15,2026-05-15T10:13:51.008000,eq-cam01-20260515-v003,1,2,cam01_20260515101351008000.webp
emerald_queen,1,H6,2026-05-15,2026-05-15T10:13:51.416000,eq-cam01-20260515-v003,2,2,cam01_20260515101351416000.webp
emerald_queen,1,H6,2026-05-15,2026-05-15T10:13:55.213000,eq-cam01-20260515-v004,1,5,cam01_20260515101355213000.webp
emerald_queen,1,H6,2026-05-15,2026-05-15T10:13:55.409000,eq-cam01-20260515-v004,2,5,cam01_20260515101355409000.webp
emerald_queen,1,H6,2026-05-15,2026-05-15T10:13:56.416000,eq-cam01-20260515-v004,3,5,cam01_20260515101356416000.webp
emerald_queen,1,H6,2026-05-15,2026-05-15T10:13:57.420000,eq-cam01-20260515-v004,4,5,cam01_20260515101357420000.webp
emerald_queen,1,H6,2026-05-15,2026-05-15T10:13:57.810000,eq-cam01-20260515-v004,5,5,cam01_20260515101357810000.webp
emerald_queen,1,H6,2026-05-15,2026-05-15T10:46:42.524000,eq-cam01-20260515-v005,1,1,cam01_20260515104642524000.webp
emerald_queen,14,F6,2026-05-15,2026-05-15T11:18:56.006000,eq-cam14-20260515-v001,1,1,cam14_20260515111856006000.webp
emerald_queen,1,H6,2026-05-15,2026-05-15T12:24:05.228000,eq-cam01-20260515-v006,1,2,cam01_20260515122405228000.webp
emerald_queen,1,H6,2026-05-15,2026-05-15T12:24:06.021000,eq-cam01-20260515-v006,2,2,cam01_20260515122406021000.webp
emerald_queen,12,G4,2026-05-15,2026-05-15T12:37:04.729000,eq-cam12-20260515-v001,1,1,cam12_20260515123704729000.webp
emerald_queen,2,G6,2026-05-15,2026-05-15T13:13:32.418000,eq-cam02-20260515-v001,1,1,cam02_20260515131332418000.webp
emerald_queen,2,G6,2026-05-15,2026-05-15T13:13:38.019000,eq-cam02-20260515-v002,1,1,cam02_20260515131338019000.webp
emerald_queen,7,J6,2026-05-15,2026-05-15T13:34:23.320000,eq-cam07-20260515-v001,1,4,cam07_20260515133423320000.webp
emerald_queen,7,J6,2026-05-15,2026-05-15T13:34:23.522000,eq-cam07-20260515-v001,2,4,cam07_20260515133423522000.webp
emerald_queen,7,J6,2026-05-15,2026-05-15T13:34:24.720000,eq-cam07-20260515-v001,3,4,cam07_20260515133424720000.webp
emerald_queen,7,J6,2026-05-15,2026-05-15T13:34:26.321000,eq-cam07-20260515-v001,4,4,cam07_20260515133426321000.webp
emerald_queen,7,J6,2026-05-15,2026-05-15T13:34:28.321000,eq-cam07-20260515-v002,1,5,cam07_20260515133428321000.webp
emerald_queen,7,J6,2026-05-15,2026-05-15T13:34:29.121000,eq-cam07-20260515-v002,2,5,cam07_20260515133429121000.webp
emerald_queen,7,J6,2026-05-15,2026-05-15T13:34:29.723000,eq-cam07-20260515-v002,3,5,cam07_20260515133429723000.webp
emerald_queen,7,J6,2026-05-15,2026-05-15T13:34:30.126000,eq-cam07-20260515-v002,4,5,cam07_20260515133430126000.webp
emerald_queen,7,J6,2026-05-15,2026-05-15T13:34:30.722000,eq-cam07-20260515-v002,5,5,cam07_20260515133430722000.webp
emerald_queen,13,F4,2026-05-15,2026-05-15T15:05:47.399000,eq-cam13-20260515-v001,1,1,cam13_20260515150547399000.webp
emerald_queen,6,I3,2026-05-15,2026-05-15T15:11:58.525000,eq-cam06-20260515-v001,1,1,cam06_20260515151158525000.webp
emerald_queen,17,H4,2026-05-15,2026-05-15T15:31:57.954000,eq-cam17-20260515-v001,1,3,cam17_20260515153157954000.webp
emerald_queen,17,H4,2026-05-15,2026-05-15T15:31:58.757000,eq-cam17-20260515-v001,2,3,cam17_20260515153158757000.webp
emerald_queen,17,H4,2026-05-15,2026-05-15T15:31:59.556000,eq-cam17-20260515-v001,3,3,cam17_20260515153159556000.webp
emerald_queen,17,H4,2026-05-15,2026-05-15T15:32:02.558000,eq-cam17-20260515-v002,1,2,cam17_20260515153202558000.webp
emerald_queen,17,H4,2026-05-15,2026-05-15T15:32:02.755000,eq-cam17-20260515-v002,2,2,cam17_20260515153202755000.webp
emerald_queen,17,H4,2026-05-15,2026-05-15T15:51:35.524000,eq-cam17-20260515-v003,1,1,cam17_20260515155135524000.webp
emerald_queen,18,F5,2026-05-16,2026-05-16T12:07:57.856000,eq-cam18-20260516-v001,1,1,cam18_20260516120757856000.webp
emerald_queen,8,J3,2026-05-16,2026-05-16T12:09:30.520000,eq-cam08-20260516-v001,1,2,cam08_20260516120930520000.webp
emerald_queen,8,J3,2026-05-16,2026-05-16T12:09:31.122000,eq-cam08-20260516-v001,2,2,cam08_20260516120931122000.webp
emerald_queen,5,F3,2026-05-16,2026-05-16T12:54:06.404000,eq-cam05-20260516-v001,1,1,cam05_20260516125406404000.webp
emerald_queen,12,G4,2026-05-16,2026-05-16T15:16:45.768000,eq-cam12-20260516-v001,1,1,cam12_20260516151645768000.webp
emerald_queen,12,G4,2026-05-16,2026-05-16T15:16:48.767000,eq-cam12-20260516-v002,1,5,cam12_20260516151648767000.webp
emerald_queen,12,G4,2026-05-16,2026-05-16T15:16:50.373000,eq-cam12-20260516-v002,2,5,cam12_20260516151650373000.webp
emerald_queen,12,G4,2026-05-16,2026-05-16T15:16:51.569000,eq-cam12-20260516-v002,3,5,cam12_20260516151651569000.webp
emerald_queen,12,G4,2026-05-16,2026-05-16T15:16:52.179000,eq-cam12-20260516-v002,4,5,cam12_20260516151652179000.webp
emerald_queen,12,G4,2026-05-16,2026-05-16T15:16:52.367000,eq-cam12-20260516-v002,5,5,cam12_20260516151652367000.webp
emerald_queen,11,G3,2026-05-16,2026-05-16T15:38:31.105000,eq-cam11-20260516-v001,1,1,cam11_20260516153831105000.webp
emerald_queen,1,H6,2026-05-16,2026-05-16T18:09:24.662000,eq-cam01-20260516-v001,1,1,cam01_20260516180924662000.webp
emerald_queen,1,H6,2026-05-17,2026-05-17T09:34:37.055000,eq-cam01-20260517-v001,1,8,cam01_20260517093437055000.webp
emerald_queen,1,H6,2026-05-17,2026-05-17T09:34:38.258000,eq-cam01-20260517-v001,2,8,cam01_20260517093438258000.webp
emerald_queen,1,H6,2026-05-17,2026-05-17T09:34:39.456000,eq-cam01-20260517-v001,3,8,cam01_20260517093439456000.webp
emerald_queen,1,H6,2026-05-17,2026-05-17T09:34:40.666000,eq-cam01-20260517-v001,4,8,cam01_20260517093440666000.webp
emerald_queen,1,H6,2026-05-17,2026-05-17T09:34:41.459000,eq-cam01-20260517-v001,5,8,cam01_20260517093441459000.webp
emerald_queen,1,H6,2026-05-17,2026-05-17T09:34:41.657000,eq-cam01-20260517-v001,6,8,cam01_20260517093441657000.webp
emerald_queen,1,H6,2026-05-17,2026-05-17T09:34:42.060000,eq-cam01-20260517-v001,7,8,cam01_20260517093442060000.webp
emerald_queen,1,H6,2026-05-17,2026-05-17T09:34:42.861000,eq-cam01-20260517-v001,8,8,cam01_20260517093442861000.webp
emerald_queen,1,H6,2026-05-17,2026-05-17T09:34:45.272000,eq-cam01-20260517-v002,1,2,cam01_20260517093445272000.webp
emerald_queen,1,H6,2026-05-17,2026-05-17T09:34:45.456000,eq-cam01-20260517-v002,2,2,cam01_20260517093445456000.webp
emerald_queen,1,H6,2026-05-17,2026-05-17T09:34:52.664000,eq-cam01-20260517-v003,1,1,cam01_20260517093452664000.webp
emerald_queen,12,G4,2026-05-17,2026-05-17T11:26:18.211000,eq-cam12-20260517-v001,1,1,cam12_20260517112618211000.webp
emerald_queen,18,F5,2026-05-17,2026-05-17T11:28:19.596000,eq-cam18-20260517-v001,1,2,cam18_20260517112819596000.webp
emerald_queen,18,F5,2026-05-17,2026-05-17T11:28:19.995000,eq-cam18-20260517-v001,2,2,cam18_20260517112819995000.webp
emerald_queen,18,F5,2026-05-17,2026-05-17T12:45:10.657000,eq-cam18-20260517-v002,1,1,cam18_20260517124510657000.webp
emerald_queen,14,F6,2026-05-17,2026-05-17T13:33:34.514000,eq-cam14-20260517-v001,1,2,cam14_20260517133334514000.webp
emerald_queen,14,F6,2026-05-17,2026-05-17T13:33:35.914000,eq-cam14-20260517-v001,2,2,cam14_20260517133335914000.webp
emerald_queen,2,G6,2026-05-17,2026-05-17T14:19:36.015000,eq-cam02-20260517-v001,1,1,cam02_20260517141936015000.webp
emerald_queen,5,F3,2026-05-17,2026-05-17T14:35:27.874000,eq-cam05-20260517-v001,1,1,cam05_20260517143527874000.webp
emerald_queen,5,F3,2026-05-17,2026-05-17T14:57:26.880000,eq-cam05-20260517-v002,1,3,cam05_20260517145726880000.webp
emerald_queen,5,F3,2026-05-17,2026-05-17T14:57:27.874000,eq-cam05-20260517-v002,2,3,cam05_20260517145727874000.webp
emerald_queen,5,F3,2026-05-17,2026-05-17T14:57:28.673000,eq-cam05-20260517-v002,3,3,cam05_20260517145728673000.webp
emerald_queen,6,I3,2026-05-17,2026-05-17T15:04:56.122000,eq-cam06-20260517-v001,1,1,cam06_20260517150456122000.webp
emerald_queen,1,H6,2026-05-17,2026-05-17T16:43:31.053000,eq-cam01-20260517-v004,1,1,cam01_20260517164331053000.webp
emerald_queen,18,F5,2026-05-17,2026-05-17T16:57:53.063000,eq-cam18-20260517-v003,1,1,cam18_20260517165753063000.webp
emerald_queen,12,G4,2026-05-17,2026-05-17T17:11:16.679000,eq-cam12-20260517-v002,1,3,cam12_20260517171116679000.webp
emerald_queen,12,G4,2026-05-17,2026-05-17T17:11:17.091000,eq-cam12-20260517-v002,2,3,cam12_20260517171117091000.webp
emerald_queen,12,G4,2026-05-17,2026-05-17T17:11:17.279000,eq-cam12-20260517-v002,3,3,cam12_20260517171117279000.webp
emerald_queen,14,F6,2026-05-17,2026-05-17T17:40:34.297000,eq-cam14-20260517-v002,1,1,cam14_20260517174034297000.webp
emerald_queen,1,H6,2026-05-17,2026-05-17T18:31:39.853000,eq-cam01-20260517-v005,1,1,cam01_20260517183139853000.webp
emerald_queen,18,F5,2026-05-18,2026-05-18T08:51:04.321000,eq-cam18-20260518-v001,1,1,cam18_20260518085104321000.webp
emerald_queen,1,H6,2026-05-18,2026-05-18T09:18:47.181000,eq-cam01-20260518-v001,1,1,cam01_20260518091847181000.webp
emerald_queen,1,H6,2026-05-18,2026-05-18T09:58:08.141000,eq-cam01-20260518-v002,1,2,cam01_20260518095808141000.webp
emerald_queen,1,H6,2026-05-18,2026-05-18T09:58:08.543000,eq-cam01-20260518-v002,2,2,cam01_20260518095808543000.webp
emerald_queen,16,I5,2026-05-18,2026-05-18T09:59:30.877000,eq-cam16-20260518-v001,1,5,cam16_20260518095930877000.webp
emerald_queen,16,I5,2026-05-18,2026-05-18T09:59:31.086000,eq-cam16-20260518-v001,2,5,cam16_20260518095931086000.webp
emerald_queen,16,I5,2026-05-18,2026-05-18T09:59:31.284000,eq-cam16-20260518-v001,3,5,cam16_20260518095931284000.webp
emerald_queen,16,I5,2026-05-18,2026-05-18T09:59:32.278000,eq-cam16-20260518-v001,4,5,cam16_20260518095932278000.webp
emerald_queen,16,I5,2026-05-18,2026-05-18T09:59:34.084000,eq-cam16-20260518-v001,5,5,cam16_20260518095934084000.webp
emerald_queen,16,I5,2026-05-18,2026-05-18T09:59:36.283000,eq-cam16-20260518-v002,1,5,cam16_20260518095936283000.webp
emerald_queen,16,I5,2026-05-18,2026-05-18T09:59:37.078000,eq-cam16-20260518-v002,2,5,cam16_20260518095937078000.webp
emerald_queen,16,I5,2026-05-18,2026-05-18T09:59:37.279000,eq-cam16-20260518-v002,3,5,cam16_20260518095937279000.webp
emerald_queen,16,I5,2026-05-18,2026-05-18T09:59:37.477000,eq-cam16-20260518-v002,4,5,cam16_20260518095937477000.webp
emerald_queen,16,I5,2026-05-18,2026-05-18T09:59:38.878000,eq-cam16-20260518-v002,5,5,cam16_20260518095938878000.webp
emerald_queen,16,I5,2026-05-18,2026-05-18T09:59:52.687000,eq-cam16-20260518-v003,1,1,cam16_20260518095952687000.webp
emerald_queen,16,I5,2026-05-18,2026-05-18T09:59:58.684000,eq-cam16-20260518-v004,1,1,cam16_20260518095958684000.webp
emerald_queen,16,I5,2026-05-18,2026-05-18T10:00:12.882000,eq-cam16-20260518-v005,1,2,cam16_20260518100012882000.webp
emerald_queen,16,I5,2026-05-18,2026-05-18T10:00:13.084000,eq-cam16-20260518-v005,2,2,cam16_20260518100013084000.webp
emerald_queen,1,H6,2026-05-18,2026-05-18T10:20:51.356000,eq-cam01-20260518-v003,1,1,cam01_20260518102051356000.webp
emerald_queen,1,H6,2026-05-18,2026-05-18T10:20:54.581000,eq-cam01-20260518-v004,1,6,cam01_20260518102054581000.webp
emerald_queen,1,H6,2026-05-18,2026-05-18T10:20:54.756000,eq-cam01-20260518-v004,2,6,cam01_20260518102054756000.webp
emerald_queen,1,H6,2026-05-18,2026-05-18T10:20:55.555000,eq-cam01-20260518-v004,3,6,cam01_20260518102055555000.webp
emerald_queen,1,H6,2026-05-18,2026-05-18T10:20:56.154000,eq-cam01-20260518-v004,4,6,cam01_20260518102056154000.webp
emerald_queen,1,H6,2026-05-18,2026-05-18T10:20:57.556000,eq-cam01-20260518-v004,5,6,cam01_20260518102057556000.webp
emerald_queen,1,H6,2026-05-18,2026-05-18T10:20:57.967000,eq-cam01-20260518-v004,6,6,cam01_20260518102057967000.webp
emerald_queen,4,G5,2026-05-18,2026-05-18T10:59:32.473000,eq-cam04-20260518-v001,1,1,cam04_20260518105932473000.webp
emerald_queen,4,G5,2026-05-18,2026-05-18T11:22:54.105000,eq-cam04-20260518-v002,1,1,cam04_20260518112254105000.webp
emerald_queen,4,G5,2026-05-18,2026-05-18T11:28:56.542000,eq-cam04-20260518-v003,1,2,cam04_20260518112856542000.webp
emerald_queen,4,G5,2026-05-18,2026-05-18T11:28:56.740000,eq-cam04-20260518-v003,2,2,cam04_20260518112856740000.webp
emerald_queen,4,G5,2026-05-18,2026-05-18T11:28:58.746000,eq-cam04-20260518-v004,1,1,cam04_20260518112858746000.webp
emerald_queen,4,G5,2026-05-18,2026-05-18T11:29:08.156000,eq-cam04-20260518-v005,1,1,cam04_20260518112908156000.webp
emerald_queen,1,H6,2026-05-18,2026-05-18T11:29:09.196000,eq-cam01-20260518-v005,1,1,cam01_20260518112909196000.webp
emerald_queen,12,G4,2026-05-18,2026-05-18T13:10:25.119000,eq-cam12-20260518-v001,1,1,cam12_20260518131025119000.webp
emerald_queen,12,G4,2026-05-18,2026-05-18T13:10:27.319000,eq-cam12-20260518-v002,1,1,cam12_20260518131027319000.webp
emerald_queen,1,H6,2026-05-18,2026-05-18T16:02:31.011000,eq-cam01-20260518-v006,1,1,cam01_20260518160231011000.webp
emerald_queen,8,J3,2026-05-18,2026-05-18T16:05:28.134000,eq-cam08-20260518-v001,1,1,cam08_20260518160528134000.webp
emerald_queen,18,F5,2026-05-18,2026-05-18T16:08:48.097000,eq-cam18-20260518-v002,1,1,cam18_20260518160848097000.webp
emerald_queen,1,H6,2026-05-18,2026-05-18T16:10:13.081000,eq-cam01-20260518-v007,1,3,cam01_20260518161013081000.webp
emerald_queen,1,H6,2026-05-18,2026-05-18T16:10:13.480000,eq-cam01-20260518-v007,2,3,cam01_20260518161013480000.webp
emerald_queen,1,H6,2026-05-18,2026-05-18T16:10:13.675000,eq-cam01-20260518-v007,3,3,cam01_20260518161013675000.webp
emerald_queen,1,H6,2026-05-18,2026-05-18T16:10:18.077000,eq-cam01-20260518-v008,1,1,cam01_20260518161018077000.webp
emerald_queen,2,G6,2026-05-18,2026-05-18T16:17:24.970000,eq-cam02-20260518-v001,1,1,cam02_20260518161724970000.webp
emerald_queen,12,G4,2026-05-18,2026-05-18T18:12:10.811000,eq-cam12-20260518-v003,1,1,cam12_20260518181210811000.webp
emerald_queen,1,H6,2026-05-19,2026-05-19T08:32:35.472000,eq-cam01-20260519-v001,1,1,cam01_20260519083235472000.webp
emerald_queen,1,H6,2026-05-19,2026-05-19T08:36:05.113000,eq-cam01-20260519-v002,1,1,cam01_20260519083605113000.webp
emerald_queen,1,H6,2026-05-19,2026-05-19T08:36:09.107000,eq-cam01-20260519-v003,1,1,cam01_20260519083609107000.webp
emerald_queen,1,H6,2026-05-19,2026-05-19T08:56:36.893000,eq-cam01-20260519-v004,1,1,cam01_20260519085636893000.webp
emerald_queen,1,H6,2026-05-19,2026-05-19T09:43:55.138000,eq-cam01-20260519-v005,1,11,cam01_20260519094355138000.webp
emerald_queen,1,H6,2026-05-19,2026-05-19T09:43:55.340000,eq-cam01-20260519-v005,2,11,cam01_20260519094355340000.webp
emerald_queen,1,H6,2026-05-19,2026-05-19T09:43:55.537000,eq-cam01-20260519-v005,3,11,cam01_20260519094355537000.webp
emerald_queen,1,H6,2026-05-19,2026-05-19T09:43:57.136000,eq-cam01-20260519-v005,4,11,cam01_20260519094357136000.webp
emerald_queen,1,H6,2026-05-19,2026-05-19T09:43:57.934000,eq-cam01-20260519-v005,5,11,cam01_20260519094357934000.webp
emerald_queen,1,H6,2026-05-19,2026-05-19T09:43:58.535000,eq-cam01-20260519-v005,6,11,cam01_20260519094358535000.webp
emerald_queen,1,H6,2026-05-19,2026-05-19T09:43:58.935000,eq-cam01-20260519-v005,7,11,cam01_20260519094358935000.webp
emerald_queen,1,H6,2026-05-19,2026-05-19T09:43:59.336000,eq-cam01-20260519-v005,8,11,cam01_20260519094359336000.webp
emerald_queen,1,H6,2026-05-19,2026-05-19T09:44:01.136000,eq-cam01-20260519-v005,9,11,cam01_20260519094401136000.webp
emerald_queen,1,H6,2026-05-19,2026-05-19T09:44:02.538000,eq-cam01-20260519-v005,10,11,cam01_20260519094402538000.webp
emerald_queen,1,H6,2026-05-19,2026-05-19T09:44:02.737000,eq-cam01-20260519-v005,11,11,cam01_20260519094402737000.webp
emerald_queen,1,H6,2026-05-19,2026-05-19T09:44:25.138000,eq-cam01-20260519-v006,1,1,cam01_20260519094425138000.webp
emerald_queen,1,H6,2026-05-19,2026-05-19T09:45:16.345000,eq-cam01-20260519-v007,1,10,cam01_20260519094516345000.webp
emerald_queen,1,H6,2026-05-19,2026-05-19T09:45:16.749000,eq-cam01-20260519-v007,2,10,cam01_20260519094516749000.webp
emerald_queen,1,H6,2026-05-19,2026-05-19T09:45:17.347000,eq-cam01-20260519-v007,3,10,cam01_20260519094517347000.webp
emerald_queen,1,H6,2026-05-19,2026-05-19T09:45:17.753000,eq-cam01-20260519-v007,4,10,cam01_20260519094517753000.webp
emerald_queen,1,H6,2026-05-19,2026-05-19T09:45:18.148000,eq-cam01-20260519-v007,5,10,cam01_20260519094518148000.webp
emerald_queen,1,H6,2026-05-19,2026-05-19T09:45:18.948000,eq-cam01-20260519-v007,6,10,cam01_20260519094518948000.webp
emerald_queen,1,H6,2026-05-19,2026-05-19T09:45:19.550000,eq-cam01-20260519-v007,7,10,cam01_20260519094519550000.webp
emerald_queen,1,H6,2026-05-19,2026-05-19T09:45:19.946000,eq-cam01-20260519-v007,8,10,cam01_20260519094519946000.webp
emerald_queen,1,H6,2026-05-19,2026-05-19T09:45:21.158000,eq-cam01-20260519-v007,9,10,cam01_20260519094521158000.webp
emerald_queen,1,H6,2026-05-19,2026-05-19T09:45:22.150000,eq-cam01-20260519-v007,10,10,cam01_20260519094522150000.webp
emerald_queen,1,H6,2026-05-19,2026-05-19T09:47:32.575000,eq-cam01-20260519-v008,1,10,cam01_20260519094732575000.webp
emerald_queen,1,H6,2026-05-19,2026-05-19T09:47:32.967000,eq-cam01-20260519-v008,2,10,cam01_20260519094732967000.webp
emerald_queen,1,H6,2026-05-19,2026-05-19T09:47:33.368000,eq-cam01-20260519-v008,3,10,cam01_20260519094733368000.webp
emerald_queen,1,H6,2026-05-19,2026-05-19T09:47:33.768000,eq-cam01-20260519-v008,4,10,cam01_20260519094733768000.webp
emerald_queen,1,H6,2026-05-19,2026-05-19T09:47:34.780000,eq-cam01-20260519-v008,5,10,cam01_20260519094734780000.webp
emerald_queen,1,H6,2026-05-19,2026-05-19T09:47:34.971000,eq-cam01-20260519-v008,6,10,cam01_20260519094734971000.webp
emerald_queen,1,H6,2026-05-19,2026-05-19T09:47:36.370000,eq-cam01-20260519-v008,7,10,cam01_20260519094736370000.webp
emerald_queen,1,H6,2026-05-19,2026-05-19T09:47:37.169000,eq-cam01-20260519-v008,8,10,cam01_20260519094737169000.webp
emerald_queen,1,H6,2026-05-19,2026-05-19T09:47:37.368000,eq-cam01-20260519-v008,9,10,cam01_20260519094737368000.webp
emerald_queen,1,H6,2026-05-19,2026-05-19T09:47:37.770000,eq-cam01-20260519-v008,10,10,cam01_20260519094737770000.webp
emerald_queen,4,G5,2026-05-19,2026-05-19T10:37:38.896000,eq-cam04-20260519-v001,1,6,cam04_20260519103738896000.webp
emerald_queen,4,G5,2026-05-19,2026-05-19T10:37:39.101000,eq-cam04-20260519-v001,2,6,cam04_20260519103739101000.webp
emerald_queen,4,G5,2026-05-19,2026-05-19T10:37:39.294000,eq-cam04-20260519-v001,3,6,cam04_20260519103739294000.webp
emerald_queen,4,G5,2026-05-19,2026-05-19T10:37:40.496000,eq-cam04-20260519-v001,4,6,cam04_20260519103740496000.webp
emerald_queen,4,G5,2026-05-19,2026-05-19T10:37:41.295000,eq-cam04-20260519-v001,5,6,cam04_20260519103741295000.webp
emerald_queen,4,G5,2026-05-19,2026-05-19T10:37:42.296000,eq-cam04-20260519-v001,6,6,cam04_20260519103742296000.webp
emerald_queen,4,G5,2026-05-19,2026-05-19T10:38:12.506000,eq-cam04-20260519-v002,1,3,cam04_20260519103812506000.webp
emerald_queen,4,G5,2026-05-19,2026-05-19T10:38:13.702000,eq-cam04-20260519-v002,2,3,cam04_20260519103813702000.webp
emerald_queen,4,G5,2026-05-19,2026-05-19T10:38:14.702000,eq-cam04-20260519-v002,3,3,cam04_20260519103814702000.webp
emerald_queen,4,G5,2026-05-19,2026-05-19T10:38:19.903000,eq-cam04-20260519-v003,1,3,cam04_20260519103819903000.webp
emerald_queen,4,G5,2026-05-19,2026-05-19T10:38:21.101000,eq-cam04-20260519-v003,2,3,cam04_20260519103821101000.webp
emerald_queen,4,G5,2026-05-19,2026-05-19T10:38:22.304000,eq-cam04-20260519-v003,3,3,cam04_20260519103822304000.webp
emerald_queen,4,G5,2026-05-19,2026-05-19T10:38:25.900000,eq-cam04-20260519-v004,1,2,cam04_20260519103825900000.webp
emerald_queen,4,G5,2026-05-19,2026-05-19T10:38:27.507000,eq-cam04-20260519-v004,2,2,cam04_20260519103827507000.webp
emerald_queen,4,G5,2026-05-19,2026-05-19T10:38:30.100000,eq-cam04-20260519-v005,1,5,cam04_20260519103830100000.webp
emerald_queen,4,G5,2026-05-19,2026-05-19T10:38:30.504000,eq-cam04-20260519-v005,2,5,cam04_20260519103830504000.webp
emerald_queen,4,G5,2026-05-19,2026-05-19T10:38:30.701000,eq-cam04-20260519-v005,3,5,cam04_20260519103830701000.webp
emerald_queen,4,G5,2026-05-19,2026-05-19T10:38:31.504000,eq-cam04-20260519-v005,4,5,cam04_20260519103831504000.webp
emerald_queen,4,G5,2026-05-19,2026-05-19T10:38:31.903000,eq-cam04-20260519-v005,5,5,cam04_20260519103831903000.webp
emerald_queen,4,G5,2026-05-19,2026-05-19T10:59:45.894000,eq-cam04-20260519-v006,1,1,cam04_20260519105945894000.webp
emerald_queen,2,G6,2026-05-19,2026-05-19T11:08:52.573000,eq-cam02-20260519-v001,1,2,cam02_20260519110852573000.webp
emerald_queen,2,G6,2026-05-19,2026-05-19T11:08:53.365000,eq-cam02-20260519-v001,2,2,cam02_20260519110853365000.webp
emerald_queen,4,G5,2026-05-19,2026-05-19T11:15:52.446000,eq-cam04-20260519-v007,1,2,cam04_20260519111552446000.webp
emerald_queen,4,G5,2026-05-19,2026-05-19T11:15:52.840000,eq-cam04-20260519-v007,2,2,cam04_20260519111552840000.webp
emerald_queen,4,G5,2026-05-19,2026-05-19T11:15:55.838000,eq-cam04-20260519-v008,1,2,cam04_20260519111555838000.webp
emerald_queen,4,G5,2026-05-19,2026-05-19T11:15:56.640000,eq-cam04-20260519-v008,2,2,cam04_20260519111556640000.webp
emerald_queen,4,G5,2026-05-19,2026-05-19T11:16:07.044000,eq-cam04-20260519-v009,1,1,cam04_20260519111607044000.webp
emerald_queen,8,J3,2026-05-19,2026-05-19T11:18:49.964000,eq-cam08-20260519-v001,1,1,cam08_20260519111849964000.webp
emerald_queen,4,G5,2026-05-19,2026-05-19T11:24:11.914000,eq-cam04-20260519-v010,1,5,cam04_20260519112411914000.webp
emerald_queen,4,G5,2026-05-19,2026-05-19T11:24:12.718000,eq-cam04-20260519-v010,2,5,cam04_20260519112412718000.webp
emerald_queen,4,G5,2026-05-19,2026-05-19T11:24:14.125000,eq-cam04-20260519-v010,3,5,cam04_20260519112414125000.webp
emerald_queen,4,G5,2026-05-19,2026-05-19T11:24:15.928000,eq-cam04-20260519-v010,4,5,cam04_20260519112415928000.webp
emerald_queen,4,G5,2026-05-19,2026-05-19T11:24:17.927000,eq-cam04-20260519-v010,5,5,cam04_20260519112417927000.webp
emerald_queen,4,G5,2026-05-19,2026-05-19T11:24:53.918000,eq-cam04-20260519-v011,1,1,cam04_20260519112453918000.webp
emerald_queen,1,H6,2026-05-19,2026-05-19T12:42:18.798000,eq-cam01-20260519-v009,1,1,cam01_20260519124218798000.webp
emerald_queen,6,I3,2026-05-19,2026-05-19T13:11:55.541000,eq-cam06-20260519-v001,1,2,cam06_20260519131155541000.webp
emerald_queen,6,I3,2026-05-19,2026-05-19T13:11:55.938000,eq-cam06-20260519-v001,2,2,cam06_20260519131155938000.webp
emerald_queen,6,I3,2026-05-19,2026-05-19T13:12:08.338000,eq-cam06-20260519-v002,1,1,cam06_20260519131208338000.webp
emerald_queen,1,H6,2026-05-20,2026-05-20T06:51:11.256000,eq-cam01-20260520-v001,1,1,cam01_20260520065111256000.webp
emerald_queen,4,G5,2026-05-20,2026-05-20T09:21:13.237000,eq-cam04-20260520-v001,1,2,cam04_20260520092113237000.webp
emerald_queen,4,G5,2026-05-20,2026-05-20T09:21:13.427000,eq-cam04-20260520-v001,2,2,cam04_20260520092113427000.webp
emerald_queen,5,F3,2026-05-20,2026-05-20T10:08:58.046000,eq-cam05-20260520-v001,1,1,cam05_20260520100858046000.webp
emerald_queen,10,J4,2026-05-20,2026-05-20T10:28:20.744000,eq-cam10-20260520-v001,1,3,cam10_20260520102820744000.webp
emerald_queen,10,J4,2026-05-20,2026-05-20T10:28:20.946000,eq-cam10-20260520-v001,2,3,cam10_20260520102820946000.webp
emerald_queen,10,J4,2026-05-20,2026-05-20T10:28:21.944000,eq-cam10-20260520-v001,3,3,cam10_20260520102821944000.webp
emerald_queen,2,G6,2026-05-20,2026-05-20T10:30:35.387000,eq-cam02-20260520-v001,1,1,cam02_20260520103035387000.webp
emerald_queen,1,H6,2026-05-20,2026-05-20T10:31:11.008000,eq-cam01-20260520-v002,1,1,cam01_20260520103111008000.webp
emerald_queen,1,H6,2026-05-20,2026-05-20T10:54:13.618000,eq-cam01-20260520-v003,1,1,cam01_20260520105413618000.webp
emerald_queen,6,I3,2026-05-20,2026-05-20T10:59:28.913000,eq-cam06-20260520-v001,1,1,cam06_20260520105928913000.webp
emerald_queen,4,G5,2026-05-20,2026-05-20T11:25:43.758000,eq-cam04-20260520-v002,1,1,cam04_20260520112543758000.webp
emerald_queen,2,G6,2026-05-20,2026-05-20T11:34:56.768000,eq-cam02-20260520-v002,1,1,cam02_20260520113456768000.webp
emerald_queen,4,G5,2026-05-20,2026-05-20T11:40:01.682000,eq-cam04-20260520-v003,1,2,cam04_20260520114001682000.webp
emerald_queen,4,G5,2026-05-20,2026-05-20T11:40:03.276000,eq-cam04-20260520-v003,2,2,cam04_20260520114003276000.webp
emerald_queen,4,G5,2026-05-20,2026-05-20T12:03:55.699000,eq-cam04-20260520-v004,1,3,cam04_20260520120355699000.webp
emerald_queen,4,G5,2026-05-20,2026-05-20T12:03:55.892000,eq-cam04-20260520-v004,2,3,cam04_20260520120355892000.webp
emerald_queen,4,G5,2026-05-20,2026-05-20T12:03:56.891000,eq-cam04-20260520-v004,3,3,cam04_20260520120356891000.webp
emerald_queen,4,G5,2026-05-20,2026-05-20T12:03:59.292000,eq-cam04-20260520-v005,1,1,cam04_20260520120359292000.webp
emerald_queen,4,G5,2026-05-20,2026-05-20T12:04:04.691000,eq-cam04-20260520-v006,1,1,cam04_20260520120404691000.webp
emerald_queen,12,G4,2026-05-20,2026-05-20T13:02:43.634000,eq-cam12-20260520-v001,1,1,cam12_20260520130243634000.webp
emerald_queen,12,G4,2026-05-20,2026-05-20T14:37:32.697000,eq-cam12-20260520-v002,1,1,cam12_20260520143732697000.webp
emerald_queen,19,F5,2026-05-20,2026-05-20T16:33:00.322000,eq-cam19-20260520-v001,1,7,cam19_20260520163300322000.webp
emerald_queen,19,F5,2026-05-20,2026-05-20T16:33:00.492000,eq-cam19-20260520-v001,2,7,cam19_20260520163300492000.webp
emerald_queen,19,F5,2026-05-20,2026-05-20T16:33:00.692000,eq-cam19-20260520-v001,3,7,cam19_20260520163300692000.webp
emerald_queen,19,F5,2026-05-20,2026-05-20T16:33:01.491000,eq-cam19-20260520-v001,4,7,cam19_20260520163301491000.webp
emerald_queen,19,F5,2026-05-20,2026-05-20T16:33:01.687000,eq-cam19-20260520-v001,5,7,cam19_20260520163301687000.webp
emerald_queen,19,F5,2026-05-20,2026-05-20T16:33:01.889000,eq-cam19-20260520-v001,6,7,cam19_20260520163301889000.webp
emerald_queen,19,F5,2026-05-20,2026-05-20T16:33:02.086000,eq-cam19-20260520-v001,7,7,cam19_20260520163302086000.webp
emerald_queen,19,F5,2026-05-20,2026-05-20T16:33:05.286000,eq-cam19-20260520-v002,1,2,cam19_20260520163305286000.webp
emerald_queen,19,F5,2026-05-20,2026-05-20T16:33:05.489000,eq-cam19-20260520-v002,2,2,cam19_20260520163305489000.webp
emerald_queen,5,F3,2026-05-20,2026-05-20T16:44:57.592000,eq-cam05-20260520-v002,1,1,cam05_20260520164457592000.webp
emerald_queen,5,F3,2026-05-20,2026-05-20T17:57:58.051000,eq-cam05-20260520-v003,1,1,cam05_20260520175758051000.webp
emerald_queen,19,F5,2026-05-21,2026-05-21T07:39:32.577000,eq-cam19-20260521-v001,1,2,cam19_20260521073932577000.webp
emerald_queen,19,F5,2026-05-21,2026-05-21T07:39:32.962000,eq-cam19-20260521-v001,2,2,cam19_20260521073932962000.webp
emerald_queen,14,F6,2026-05-21,2026-05-21T08:34:14.073000,eq-cam14-20260521-v001,1,1,cam14_20260521083414073000.webp
emerald_queen,1,H6,2026-05-21,2026-05-21T09:49:18.440000,eq-cam01-20260521-v001,1,1,cam01_20260521094918440000.webp
emerald_queen,6,I3,2026-05-21,2026-05-21T10:20:30.133000,eq-cam06-20260521-v001,1,2,cam06_20260521102030133000.webp
emerald_queen,6,I3,2026-05-21,2026-05-21T10:20:30.326000,eq-cam06-20260521-v001,2,2,cam06_20260521102030326000.webp
emerald_queen,1,H6,2026-05-21,2026-05-21T11:22:21.897000,eq-cam01-20260521-v002,1,1,cam01_20260521112221897000.webp
emerald_queen,1,H6,2026-05-21,2026-05-21T11:22:24.499000,eq-cam01-20260521-v003,1,4,cam01_20260521112224499000.webp
emerald_queen,1,H6,2026-05-21,2026-05-21T11:22:25.099000,eq-cam01-20260521-v003,2,4,cam01_20260521112225099000.webp
emerald_queen,1,H6,2026-05-21,2026-05-21T11:22:25.500000,eq-cam01-20260521-v003,3,4,cam01_20260521112225500000.webp
emerald_queen,1,H6,2026-05-21,2026-05-21T11:22:25.901000,eq-cam01-20260521-v003,4,4,cam01_20260521112225901000.webp
emerald_queen,19,F5,2026-05-21,2026-05-21T12:13:52.726000,eq-cam19-20260521-v002,1,3,cam19_20260521121352726000.webp
emerald_queen,19,F5,2026-05-21,2026-05-21T12:13:52.924000,eq-cam19-20260521-v002,2,3,cam19_20260521121352924000.webp
emerald_queen,19,F5,2026-05-21,2026-05-21T12:13:53.119000,eq-cam19-20260521-v002,3,3,cam19_20260521121353119000.webp
emerald_queen,2,G6,2026-05-21,2026-05-21T12:38:09.775000,eq-cam02-20260521-v001,1,1,cam02_20260521123809775000.webp
emerald_queen,2,G6,2026-05-21,2026-05-21T12:38:31.980000,eq-cam02-20260521-v002,1,6,cam02_20260521123831980000.webp
emerald_queen,2,G6,2026-05-21,2026-05-21T12:38:32.197000,eq-cam02-20260521-v002,2,6,cam02_20260521123832197000.webp
emerald_queen,2,G6,2026-05-21,2026-05-21T12:38:32.379000,eq-cam02-20260521-v002,3,6,cam02_20260521123832379000.webp
emerald_queen,2,G6,2026-05-21,2026-05-21T12:38:32.791000,eq-cam02-20260521-v002,4,6,cam02_20260521123832791000.webp
emerald_queen,2,G6,2026-05-21,2026-05-21T12:38:33.181000,eq-cam02-20260521-v002,5,6,cam02_20260521123833181000.webp
emerald_queen,2,G6,2026-05-21,2026-05-21T12:38:33.581000,eq-cam02-20260521-v002,6,6,cam02_20260521123833581000.webp
emerald_queen,5,F3,2026-05-21,2026-05-21T13:39:25.332000,eq-cam05-20260521-v001,1,1,cam05_20260521133925332000.webp
emerald_queen,5,F3,2026-05-21,2026-05-21T14:53:32.204000,eq-cam05-20260521-v002,1,2,cam05_20260521145332204000.webp
emerald_queen,5,F3,2026-05-21,2026-05-21T14:53:32.405000,eq-cam05-20260521-v002,2,2,cam05_20260521145332405000.webp
emerald_queen,12,G4,2026-05-21,2026-05-21T17:59:34.824000,eq-cam12-20260521-v001,1,2,cam12_20260521175934824000.webp
emerald_queen,12,G4,2026-05-21,2026-05-21T17:59:35.025000,eq-cam12-20260521-v001,2,2,cam12_20260521175935025000.webp
emerald_queen,4,G5,2026-05-21,2026-05-21T18:09:10.346000,eq-cam04-20260521-v001,1,1,cam04_20260521180910346000.webp
emerald_queen,2,G6,2026-05-22,2026-05-22T06:56:00.679000,eq-cam02-20260522-v001,1,1,cam02_20260522065600679000.webp
emerald_queen,12,G4,2026-05-22,2026-05-22T07:11:28.031000,eq-cam12-20260522-v001,1,1,cam12_20260522071128031000.webp
emerald_queen,11,G3,2026-05-22,2026-05-22T07:30:47.404000,eq-cam11-20260522-v001,1,3,cam11_20260522073047404000.webp
emerald_queen,11,G3,2026-05-22,2026-05-22T07:30:49.233000,eq-cam11-20260522-v001,2,3,cam11_20260522073049233000.webp
emerald_queen,11,G3,2026-05-22,2026-05-22T07:30:50.033000,eq-cam11-20260522-v001,3,3,cam11_20260522073050033000.webp
emerald_queen,2,G6,2026-05-22,2026-05-22T08:06:12.474000,eq-cam02-20260522-v002,1,1,cam02_20260522080612474000.webp
emerald_queen,1,H6,2026-05-22,2026-05-22T08:16:32.354000,eq-cam01-20260522-v001,1,1,cam01_20260522081632354000.webp
emerald_queen,1,H6,2026-05-22,2026-05-22T09:21:27.556000,eq-cam01-20260522-v002,1,3,cam01_20260522092127556000.webp
emerald_queen,1,H6,2026-05-22,2026-05-22T09:21:27.758000,eq-cam01-20260522-v002,2,3,cam01_20260522092127758000.webp
emerald_queen,1,H6,2026-05-22,2026-05-22T09:21:27.959000,eq-cam01-20260522-v002,3,3,cam01_20260522092127959000.webp
emerald_queen,1,H6,2026-05-22,2026-05-22T09:42:07.355000,eq-cam01-20260522-v003,1,1,cam01_20260522094207355000.webp
emerald_queen,12,G4,2026-05-22,2026-05-22T09:47:01.416000,eq-cam12-20260522-v002,1,1,cam12_20260522094701416000.webp
emerald_queen,1,H6,2026-05-22,2026-05-22T09:47:35.006000,eq-cam01-20260522-v004,1,4,cam01_20260522094735006000.webp
emerald_queen,1,H6,2026-05-22,2026-05-22T09:47:35.201000,eq-cam01-20260522-v004,2,4,cam01_20260522094735201000.webp
emerald_queen,1,H6,2026-05-22,2026-05-22T09:47:35.402000,eq-cam01-20260522-v004,3,4,cam01_20260522094735402000.webp
emerald_queen,1,H6,2026-05-22,2026-05-22T09:47:37.401000,eq-cam01-20260522-v004,4,4,cam01_20260522094737401000.webp
emerald_queen,4,G5,2026-05-22,2026-05-22T10:01:26.511000,eq-cam04-20260522-v001,1,1,cam04_20260522100126511000.webp
emerald_queen,4,G5,2026-05-22,2026-05-22T10:01:49.316000,eq-cam04-20260522-v002,1,1,cam04_20260522100149316000.webp
emerald_queen,4,G5,2026-05-22,2026-05-22T10:01:52.331000,eq-cam04-20260522-v003,1,3,cam04_20260522100152331000.webp
emerald_queen,4,G5,2026-05-22,2026-05-22T10:01:52.921000,eq-cam04-20260522-v003,2,3,cam04_20260522100152921000.webp
emerald_queen,4,G5,2026-05-22,2026-05-22T10:01:53.119000,eq-cam04-20260522-v003,3,3,cam04_20260522100153119000.webp
emerald_queen,4,G5,2026-05-22,2026-05-22T10:02:27.124000,eq-cam04-20260522-v004,1,1,cam04_20260522100227124000.webp
emerald_queen,1,H6,2026-05-22,2026-05-22T10:10:57.819000,eq-cam01-20260522-v005,1,2,cam01_20260522101057819000.webp
emerald_queen,1,H6,2026-05-22,2026-05-22T10:10:58.023000,eq-cam01-20260522-v005,2,2,cam01_20260522101058023000.webp
emerald_queen,4,G5,2026-05-22,2026-05-22T10:18:58.670000,eq-cam04-20260522-v005,1,1,cam04_20260522101858670000.webp
emerald_queen,16,I5,2026-05-22,2026-05-22T10:28:44.503000,eq-cam16-20260522-v001,1,3,cam16_20260522102844503000.webp
emerald_queen,16,I5,2026-05-22,2026-05-22T10:28:44.904000,eq-cam16-20260522-v001,2,3,cam16_20260522102844904000.webp
emerald_queen,16,I5,2026-05-22,2026-05-22T10:28:45.703000,eq-cam16-20260522-v001,3,3,cam16_20260522102845703000.webp
emerald_queen,2,G6,2026-05-22,2026-05-22T11:46:03.842000,eq-cam02-20260522-v003,1,2,cam02_20260522114603842000.webp
emerald_queen,2,G6,2026-05-22,2026-05-22T11:46:04.442000,eq-cam02-20260522-v003,2,2,cam02_20260522114604442000.webp
emerald_queen,2,G6,2026-05-22,2026-05-22T12:04:01.011000,eq-cam02-20260522-v004,1,1,cam02_20260522120401011000.webp
emerald_queen,2,G6,2026-05-22,2026-05-22T12:07:40.039000,eq-cam02-20260522-v005,1,2,cam02_20260522120740039000.webp
emerald_queen,2,G6,2026-05-22,2026-05-22T12:07:40.241000,eq-cam02-20260522-v005,2,2,cam02_20260522120740241000.webp
emerald_queen,19,F5,2026-05-22,2026-05-22T12:13:04.388000,eq-cam19-20260522-v001,1,6,cam19_20260522121304388000.webp
emerald_queen,19,F5,2026-05-22,2026-05-22T12:13:04.586000,eq-cam19-20260522-v001,2,6,cam19_20260522121304586000.webp
emerald_queen,19,F5,2026-05-22,2026-05-22T12:13:04.786000,eq-cam19-20260522-v001,3,6,cam19_20260522121304786000.webp
emerald_queen,19,F5,2026-05-22,2026-05-22T12:13:04.983000,eq-cam19-20260522-v001,4,6,cam19_20260522121304983000.webp
emerald_queen,19,F5,2026-05-22,2026-05-22T12:13:05.384000,eq-cam19-20260522-v001,5,6,cam19_20260522121305384000.webp
emerald_queen,19,F5,2026-05-22,2026-05-22T12:13:05.784000,eq-cam19-20260522-v001,6,6,cam19_20260522121305784000.webp
emerald_queen,19,F5,2026-05-22,2026-05-22T12:13:14.183000,eq-cam19-20260522-v002,1,5,cam19_20260522121314183000.webp
emerald_queen,19,F5,2026-05-22,2026-05-22T12:13:14.389000,eq-cam19-20260522-v002,2,5,cam19_20260522121314389000.webp
emerald_queen,19,F5,2026-05-22,2026-05-22T12:13:14.591000,eq-cam19-20260522-v002,3,5,cam19_20260522121314591000.webp
emerald_queen,19,F5,2026-05-22,2026-05-22T12:13:14.784000,eq-cam19-20260522-v002,4,5,cam19_20260522121314784000.webp
emerald_queen,19,F5,2026-05-22,2026-05-22T12:13:15.186000,eq-cam19-20260522-v002,5,5,cam19_20260522121315186000.webp
emerald_queen,14,F6,2026-05-22,2026-05-22T14:26:29.565000,eq-cam14-20260522-v001,1,15,cam14_20260522142629565000.webp
emerald_queen,14,F6,2026-05-22,2026-05-22T14:26:29.764000,eq-cam14-20260522-v001,2,15,cam14_20260522142629764000.webp
emerald_queen,14,F6,2026-05-22,2026-05-22T14:26:30.165000,eq-cam14-20260522-v001,3,15,cam14_20260522142630165000.webp
emerald_queen,14,F6,2026-05-22,2026-05-22T14:26:30.765000,eq-cam14-20260522-v001,4,15,cam14_20260522142630765000.webp
emerald_queen,14,F6,2026-05-22,2026-05-22T14:26:30.966000,eq-cam14-20260522-v001,5,15,cam14_20260522142630966000.webp
emerald_queen,14,F6,2026-05-22,2026-05-22T14:26:31.769000,eq-cam14-20260522-v001,6,15,cam14_20260522142631769000.webp
emerald_queen,14,F6,2026-05-22,2026-05-22T14:26:31.965000,eq-cam14-20260522-v001,7,15,cam14_20260522142631965000.webp
emerald_queen,14,F6,2026-05-22,2026-05-22T14:26:32.366000,eq-cam14-20260522-v001,8,15,cam14_20260522142632366000.webp
emerald_queen,14,F6,2026-05-22,2026-05-22T14:26:32.782000,eq-cam14-20260522-v001,9,15,cam14_20260522142632782000.webp
emerald_queen,14,F6,2026-05-22,2026-05-22T14:26:33.366000,eq-cam14-20260522-v001,10,15,cam14_20260522142633366000.webp
emerald_queen,14,F6,2026-05-22,2026-05-22T14:26:33.567000,eq-cam14-20260522-v001,11,15,cam14_20260522142633567000.webp
emerald_queen,14,F6,2026-05-22,2026-05-22T14:26:34.369000,eq-cam14-20260522-v001,12,15,cam14_20260522142634369000.webp
emerald_queen,14,F6,2026-05-22,2026-05-22T14:26:34.567000,eq-cam14-20260522-v001,13,15,cam14_20260522142634567000.webp
emerald_queen,14,F6,2026-05-22,2026-05-22T14:26:34.966000,eq-cam14-20260522-v001,14,15,cam14_20260522142634966000.webp
emerald_queen,14,F6,2026-05-22,2026-05-22T14:26:35.366000,eq-cam14-20260522-v001,15,15,cam14_20260522142635366000.webp
emerald_queen,14,F6,2026-05-22,2026-05-22T14:26:39.771000,eq-cam14-20260522-v002,1,9,cam14_20260522142639771000.webp
emerald_queen,14,F6,2026-05-22,2026-05-22T14:26:39.969000,eq-cam14-20260522-v002,2,9,cam14_20260522142639969000.webp
emerald_queen,14,F6,2026-05-22,2026-05-22T14:26:40.167000,eq-cam14-20260522-v002,3,9,cam14_20260522142640167000.webp
emerald_queen,14,F6,2026-05-22,2026-05-22T14:26:40.366000,eq-cam14-20260522-v002,4,9,cam14_20260522142640366000.webp
emerald_queen,14,F6,2026-05-22,2026-05-22T14:26:40.768000,eq-cam14-20260522-v002,5,9,cam14_20260522142640768000.webp
emerald_queen,14,F6,2026-05-22,2026-05-22T14:26:41.378000,eq-cam14-20260522-v002,6,9,cam14_20260522142641378000.webp
emerald_queen,14,F6,2026-05-22,2026-05-22T14:26:41.575000,eq-cam14-20260522-v002,7,9,cam14_20260522142641575000.webp
emerald_queen,14,F6,2026-05-22,2026-05-22T14:26:42.370000,eq-cam14-20260522-v002,8,9,cam14_20260522142642370000.webp
emerald_queen,14,F6,2026-05-22,2026-05-22T14:26:42.565000,eq-cam14-20260522-v002,9,9,cam14_20260522142642565000.webp
emerald_queen,12,G4,2026-05-22,2026-05-22T15:33:22.538000,eq-cam12-20260522-v003,1,1,cam12_20260522153322538000.webp
emerald_queen,12,G4,2026-05-22,2026-05-22T15:57:25.572000,eq-cam12-20260522-v004,1,4,cam12_20260522155725572000.webp
emerald_queen,12,G4,2026-05-22,2026-05-22T15:57:26.742000,eq-cam12-20260522-v004,2,4,cam12_20260522155726742000.webp
emerald_queen,12,G4,2026-05-22,2026-05-22T15:57:27.542000,eq-cam12-20260522-v004,3,4,cam12_20260522155727542000.webp
emerald_queen,12,G4,2026-05-22,2026-05-22T15:57:27.943000,eq-cam12-20260522-v004,4,4,cam12_20260522155727943000.webp
emerald_queen,12,G4,2026-05-22,2026-05-22T15:58:31.352000,eq-cam12-20260522-v005,1,2,cam12_20260522155831352000.webp
emerald_queen,12,G4,2026-05-22,2026-05-22T15:58:31.551000,eq-cam12-20260522-v005,2,2,cam12_20260522155831551000.webp
emerald_queen,12,G4,2026-05-22,2026-05-22T16:04:58.010000,eq-cam12-20260522-v006,1,5,cam12_20260522160458010000.webp
emerald_queen,12,G4,2026-05-22,2026-05-22T16:04:58.823000,eq-cam12-20260522-v006,2,5,cam12_20260522160458823000.webp
emerald_queen,12,G4,2026-05-22,2026-05-22T16:05:00.410000,eq-cam12-20260522-v006,3,5,cam12_20260522160500410000.webp
emerald_queen,12,G4,2026-05-22,2026-05-22T16:05:01.412000,eq-cam12-20260522-v006,4,5,cam12_20260522160501412000.webp
emerald_queen,12,G4,2026-05-22,2026-05-22T16:05:01.615000,eq-cam12-20260522-v006,5,5,cam12_20260522160501615000.webp
emerald_queen,12,G4,2026-05-22,2026-05-22T17:18:18.671000,eq-cam12-20260522-v007,1,2,cam12_20260522171818671000.webp
emerald_queen,12,G4,2026-05-22,2026-05-22T17:18:18.866000,eq-cam12-20260522-v007,2,2,cam12_20260522171818866000.webp
emerald_queen,12,G4,2026-05-22,2026-05-22T17:18:28.670000,eq-cam12-20260522-v008,1,1,cam12_20260522171828670000.webp
emerald_queen,13,F4,2026-05-22,2026-05-22T19:19:13.880000,eq-cam13-20260522-v001,1,1,cam13_20260522191913880000.webp
emerald_queen,19,F5,2026-05-23,2026-05-23T07:14:05.404000,eq-cam19-20260523-v001,1,1,cam19_20260523071405404000.webp
emerald_queen,4,G5,2026-05-23,2026-05-23T07:40:52.071000,eq-cam04-20260523-v001,1,3,cam04_20260523074052071000.webp
emerald_queen,4,G5,2026-05-23,2026-05-23T07:40:52.247000,eq-cam04-20260523-v001,2,3,cam04_20260523074052247000.webp
emerald_queen,4,G5,2026-05-23,2026-05-23T07:40:53.251000,eq-cam04-20260523-v001,3,3,cam04_20260523074053251000.webp
emerald_queen,4,G5,2026-05-23,2026-05-23T07:45:04.080000,eq-cam04-20260523-v002,1,1,cam04_20260523074504080000.webp
emerald_queen,16,I5,2026-05-23,2026-05-23T08:58:33.028000,eq-cam16-20260523-v001,1,1,cam16_20260523085833028000.webp
emerald_queen,10,J4,2026-05-23,2026-05-23T09:15:15.678000,eq-cam10-20260523-v001,1,1,cam10_20260523091515678000.webp
emerald_queen,12,G4,2026-05-23,2026-05-23T09:49:44.567000,eq-cam12-20260523-v001,1,1,cam12_20260523094944567000.webp
emerald_queen,12,G4,2026-05-23,2026-05-23T09:50:47.178000,eq-cam12-20260523-v002,1,3,cam12_20260523095047178000.webp
emerald_queen,12,G4,2026-05-23,2026-05-23T09:50:47.383000,eq-cam12-20260523-v002,2,3,cam12_20260523095047383000.webp
emerald_queen,12,G4,2026-05-23,2026-05-23T09:50:48.405000,eq-cam12-20260523-v002,3,3,cam12_20260523095048405000.webp
emerald_queen,10,J4,2026-05-23,2026-05-23T10:00:40.503000,eq-cam10-20260523-v002,1,2,cam10_20260523100040503000.webp
emerald_queen,10,J4,2026-05-23,2026-05-23T10:00:41.296000,eq-cam10-20260523-v002,2,2,cam10_20260523100041296000.webp
emerald_queen,15,H5,2026-05-23,2026-05-23T10:07:03.245000,eq-cam15-20260523-v001,1,1,cam15_20260523100703245000.webp
emerald_queen,3,J5,2026-05-23,2026-05-23T10:12:06.522000,eq-cam03-20260523-v001,1,2,cam03_20260523101206522000.webp
emerald_queen,3,J5,2026-05-23,2026-05-23T10:12:07.322000,eq-cam03-20260523-v001,2,2,cam03_20260523101207322000.webp
emerald_queen,15,H5,2026-05-23,2026-05-23T10:21:38.963000,eq-cam15-20260523-v002,1,1,cam15_20260523102138963000.webp
emerald_queen,1,H6,2026-05-23,2026-05-23T10:21:41.100000,eq-cam01-20260523-v001,1,1,cam01_20260523102141100000.webp
emerald_queen,13,F4,2026-05-23,2026-05-23T10:58:55.127000,eq-cam13-20260523-v001,1,1,cam13_20260523105855127000.webp
emerald_queen,12,G4,2026-05-23,2026-05-23T11:10:47.899000,eq-cam12-20260523-v003,1,1,cam12_20260523111047899000.webp
emerald_queen,2,G6,2026-05-23,2026-05-23T13:34:06.650000,eq-cam02-20260523-v001,1,2,cam02_20260523133406650000.webp
emerald_queen,2,G6,2026-05-23,2026-05-23T13:34:07.050000,eq-cam02-20260523-v001,2,2,cam02_20260523133407050000.webp
emerald_queen,2,G6,2026-05-23,2026-05-23T13:34:11.665000,eq-cam02-20260523-v002,1,2,cam02_20260523133411665000.webp
emerald_queen,2,G6,2026-05-23,2026-05-23T13:34:12.257000,eq-cam02-20260523-v002,2,2,cam02_20260523133412257000.webp
emerald_queen,2,G6,2026-05-23,2026-05-23T13:34:15.655000,eq-cam02-20260523-v003,1,2,cam02_20260523133415655000.webp
emerald_queen,2,G6,2026-05-23,2026-05-23T13:34:16.053000,eq-cam02-20260523-v003,2,2,cam02_20260523133416053000.webp
emerald_queen,2,G6,2026-05-23,2026-05-23T13:34:21.860000,eq-cam02-20260523-v004,1,3,cam02_20260523133421860000.webp
emerald_queen,2,G6,2026-05-23,2026-05-23T13:34:22.454000,eq-cam02-20260523-v004,2,3,cam02_20260523133422454000.webp
emerald_queen,2,G6,2026-05-23,2026-05-23T13:34:22.653000,eq-cam02-20260523-v004,3,3,cam02_20260523133422653000.webp
emerald_queen,2,G6,2026-05-23,2026-05-23T16:00:41.567000,eq-cam02-20260523-v005,1,2,cam02_20260523160041567000.webp
emerald_queen,2,G6,2026-05-23,2026-05-23T16:00:41.965000,eq-cam02-20260523-v005,2,2,cam02_20260523160041965000.webp
emerald_queen,2,G6,2026-05-23,2026-05-23T16:00:43.966000,eq-cam02-20260523-v006,1,3,cam02_20260523160043966000.webp
emerald_queen,2,G6,2026-05-23,2026-05-23T16:00:44.173000,eq-cam02-20260523-v006,2,3,cam02_20260523160044173000.webp
emerald_queen,2,G6,2026-05-23,2026-05-23T16:00:45.964000,eq-cam02-20260523-v006,3,3,cam02_20260523160045964000.webp
emerald_queen,2,G6,2026-05-23,2026-05-23T16:00:54.167000,eq-cam02-20260523-v007,1,2,cam02_20260523160054167000.webp
emerald_queen,2,G6,2026-05-23,2026-05-23T16:00:54.568000,eq-cam02-20260523-v007,2,2,cam02_20260523160054568000.webp
emerald_queen,12,G4,2026-05-23,2026-05-23T16:05:40.148000,eq-cam12-20260523-v004,1,2,cam12_20260523160540148000.webp
emerald_queen,12,G4,2026-05-23,2026-05-23T16:05:41.548000,eq-cam12-20260523-v004,2,2,cam12_20260523160541548000.webp
emerald_queen,3,J5,2026-05-23,2026-05-23T16:13:53.927000,eq-cam03-20260523-v002,1,1,cam03_20260523161353927000.webp
emerald_queen,12,G4,2026-05-23,2026-05-23T17:19:36.208000,eq-cam12-20260523-v005,1,1,cam12_20260523171936208000.webp
emerald_queen,12,G4,2026-05-23,2026-05-23T17:19:39.811000,eq-cam12-20260523-v006,1,1,cam12_20260523171939811000.webp
emerald_queen,4,G5,2026-05-24,2026-05-24T08:17:29.004000,eq-cam04-20260524-v001,1,1,cam04_20260524081729004000.webp
emerald_queen,4,G5,2026-05-24,2026-05-24T08:51:28.699000,eq-cam04-20260524-v002,1,2,cam04_20260524085128699000.webp
emerald_queen,4,G5,2026-05-24,2026-05-24T08:51:29.104000,eq-cam04-20260524-v002,2,2,cam04_20260524085129104000.webp
emerald_queen,15,H5,2026-05-24,2026-05-24T08:53:37.368000,eq-cam15-20260524-v001,1,2,cam15_20260524085337368000.webp
emerald_queen,15,H5,2026-05-24,2026-05-24T08:53:37.784000,eq-cam15-20260524-v001,2,2,cam15_20260524085337784000.webp
emerald_queen,14,F6,2026-05-24,2026-05-24T08:57:09.678000,eq-cam14-20260524-v001,1,3,cam14_20260524085709678000.webp
emerald_queen,14,F6,2026-05-24,2026-05-24T08:57:09.882000,eq-cam14-20260524-v001,2,3,cam14_20260524085709882000.webp
emerald_queen,14,F6,2026-05-24,2026-05-24T08:57:10.091000,eq-cam14-20260524-v001,3,3,cam14_20260524085710091000.webp
emerald_queen,11,G3,2026-05-24,2026-05-24T09:13:24.919000,eq-cam11-20260524-v001,1,2,cam11_20260524091324919000.webp
emerald_queen,11,G3,2026-05-24,2026-05-24T09:13:26.124000,eq-cam11-20260524-v001,2,2,cam11_20260524091326124000.webp
emerald_queen,11,G3,2026-05-24,2026-05-24T09:14:32.534000,eq-cam11-20260524-v002,1,1,cam11_20260524091432534000.webp
emerald_queen,11,G3,2026-05-24,2026-05-24T09:14:42.528000,eq-cam11-20260524-v003,1,3,cam11_20260524091442528000.webp
emerald_queen,11,G3,2026-05-24,2026-05-24T09:14:43.329000,eq-cam11-20260524-v003,2,3,cam11_20260524091443329000.webp
emerald_queen,11,G3,2026-05-24,2026-05-24T09:14:43.730000,eq-cam11-20260524-v003,3,3,cam11_20260524091443730000.webp
emerald_queen,11,G3,2026-05-24,2026-05-24T09:14:50.732000,eq-cam11-20260524-v004,1,2,cam11_20260524091450732000.webp
emerald_queen,11,G3,2026-05-24,2026-05-24T09:14:52.332000,eq-cam11-20260524-v004,2,2,cam11_20260524091452332000.webp
emerald_queen,15,H5,2026-05-24,2026-05-24T10:05:15.607000,eq-cam15-20260524-v002,1,2,cam15_20260524100515607000.webp
emerald_queen,15,H5,2026-05-24,2026-05-24T10:05:16.998000,eq-cam15-20260524-v002,2,2,cam15_20260524100516998000.webp
emerald_queen,15,H5,2026-05-24,2026-05-24T10:05:19.004000,eq-cam15-20260524-v003,1,1,cam15_20260524100519004000.webp
emerald_queen,20,I4,2026-05-24,2026-05-24T10:15:03.606000,eq-cam20-20260524-v001,1,1,cam20_20260524101503606000.webp
emerald_queen,14,F6,2026-05-24,2026-05-24T10:19:03.003000,eq-cam14-20260524-v002,1,1,cam14_20260524101903003000.webp
emerald_queen,14,F6,2026-05-24,2026-05-24T10:29:27.901000,eq-cam14-20260524-v003,1,3,cam14_20260524102927901000.webp
emerald_queen,14,F6,2026-05-24,2026-05-24T10:29:28.100000,eq-cam14-20260524-v003,2,3,cam14_20260524102928100000.webp
emerald_queen,14,F6,2026-05-24,2026-05-24T10:29:28.295000,eq-cam14-20260524-v003,3,3,cam14_20260524102928295000.webp
emerald_queen,12,G4,2026-05-24,2026-05-24T10:55:21.555000,eq-cam12-20260524-v001,1,1,cam12_20260524105521555000.webp
emerald_queen,15,H5,2026-05-24,2026-05-24T11:48:15.501000,eq-cam15-20260524-v004,1,2,cam15_20260524114815501000.webp
emerald_queen,15,H5,2026-05-24,2026-05-24T11:48:16.710000,eq-cam15-20260524-v004,2,2,cam15_20260524114816710000.webp
emerald_queen,12,G4,2026-05-24,2026-05-24T11:54:03.264000,eq-cam12-20260524-v002,1,2,cam12_20260524115403264000.webp
emerald_queen,12,G4,2026-05-24,2026-05-24T11:54:03.661000,eq-cam12-20260524-v002,2,2,cam12_20260524115403661000.webp
emerald_queen,12,G4,2026-05-24,2026-05-24T11:54:05.662000,eq-cam12-20260524-v003,1,4,cam12_20260524115405662000.webp
emerald_queen,12,G4,2026-05-24,2026-05-24T11:54:06.460000,eq-cam12-20260524-v003,2,4,cam12_20260524115406460000.webp
emerald_queen,12,G4,2026-05-24,2026-05-24T11:54:06.861000,eq-cam12-20260524-v003,3,4,cam12_20260524115406861000.webp
emerald_queen,12,G4,2026-05-24,2026-05-24T11:54:07.059000,eq-cam12-20260524-v003,4,4,cam12_20260524115407059000.webp
emerald_queen,12,G4,2026-05-24,2026-05-24T11:54:09.462000,eq-cam12-20260524-v004,1,1,cam12_20260524115409462000.webp
emerald_queen,15,H5,2026-05-24,2026-05-24T12:09:54.488000,eq-cam15-20260524-v005,1,1,cam15_20260524120954488000.webp
emerald_queen,4,G5,2026-05-24,2026-05-24T12:19:58.382000,eq-cam04-20260524-v003,1,2,cam04_20260524121958382000.webp
emerald_queen,4,G5,2026-05-24,2026-05-24T12:19:58.576000,eq-cam04-20260524-v003,2,2,cam04_20260524121958576000.webp
emerald_queen,5,F3,2026-05-24,2026-05-24T14:59:38.985000,eq-cam05-20260524-v001,1,1,cam05_20260524145938985000.webp
emerald_queen,12,G4,2026-05-24,2026-05-24T16:05:45.127000,eq-cam12-20260524-v005,1,1,cam12_20260524160545127000.webp
emerald_queen,16,I5,2026-05-24,2026-05-24T16:44:53.268000,eq-cam16-20260524-v001,1,1,cam16_20260524164453268000.webp
emerald_queen,12,G4,2026-05-24,2026-05-24T16:53:57.768000,eq-cam12-20260524-v006,1,1,cam12_20260524165357768000.webp
emerald_queen,8,J3,2026-05-25,2026-05-25T10:04:26.699000,eq-cam08-20260525-v001,1,1,cam08_20260525100426699000.webp
emerald_queen,1,H6,2026-05-25,2026-05-25T10:14:36.066000,eq-cam01-20260525-v001,1,1,cam01_20260525101436066000.webp
emerald_queen,15,H5,2026-05-25,2026-05-25T11:45:50.292000,eq-cam15-20260525-v001,1,1,cam15_20260525114550292000.webp
emerald_queen,15,H5,2026-05-25,2026-05-25T12:00:41.621000,eq-cam15-20260525-v002,1,2,cam15_20260525120041621000.webp
emerald_queen,15,H5,2026-05-25,2026-05-25T12:00:41.831000,eq-cam15-20260525-v002,2,2,cam15_20260525120041831000.webp
emerald_queen,5,F3,2026-05-25,2026-05-25T12:14:14.126000,eq-cam05-20260525-v001,1,1,cam05_20260525121414126000.webp
emerald_queen,7,J6,2026-05-25,2026-05-25T14:06:55.216000,eq-cam07-20260525-v001,1,1,cam07_20260525140655216000.webp
emerald_queen,7,J6,2026-05-25,2026-05-25T14:06:57.819000,eq-cam07-20260525-v002,1,2,cam07_20260525140657819000.webp
emerald_queen,7,J6,2026-05-25,2026-05-25T14:06:58.621000,eq-cam07-20260525-v002,2,2,cam07_20260525140658621000.webp
emerald_queen,7,J6,2026-05-25,2026-05-25T14:07:02.021000,eq-cam07-20260525-v003,1,1,cam07_20260525140702021000.webp
emerald_queen,7,J6,2026-05-25,2026-05-25T14:07:38.237000,eq-cam07-20260525-v004,1,1,cam07_20260525140738237000.webp
emerald_queen,2,G6,2026-05-26,2026-05-26T08:18:08.924000,eq-cam02-20260526-v001,1,1,cam02_20260526081808924000.webp
emerald_queen,12,G4,2026-05-26,2026-05-26T10:48:37.380000,eq-cam12-20260526-v001,1,1,cam12_20260526104837380000.webp
emerald_queen,12,G4,2026-05-26,2026-05-26T11:16:48.426000,eq-cam12-20260526-v002,1,3,cam12_20260526111648426000.webp
emerald_queen,12,G4,2026-05-26,2026-05-26T11:16:49.429000,eq-cam12-20260526-v002,2,3,cam12_20260526111649429000.webp
emerald_queen,12,G4,2026-05-26,2026-05-26T11:16:50.632000,eq-cam12-20260526-v002,3,3,cam12_20260526111650632000.webp
emerald_queen,12,G4,2026-05-26,2026-05-26T11:16:54.232000,eq-cam12-20260526-v003,1,1,cam12_20260526111654232000.webp
emerald_queen,1,H6,2026-05-26,2026-05-26T11:50:44.086000,eq-cam01-20260526-v001,1,1,cam01_20260526115044086000.webp
emerald_queen,12,G4,2026-05-26,2026-05-26T13:13:56.467000,eq-cam12-20260526-v004,1,1,cam12_20260526131356467000.webp
emerald_queen,12,G4,2026-05-26,2026-05-26T13:13:59.870000,eq-cam12-20260526-v005,1,1,cam12_20260526131359870000.webp
emerald_queen,2,G6,2026-05-26,2026-05-26T13:37:49.148000,eq-cam02-20260526-v002,1,3,cam02_20260526133749148000.webp
emerald_queen,2,G6,2026-05-26,2026-05-26T13:37:49.944000,eq-cam02-20260526-v002,2,3,cam02_20260526133749944000.webp
emerald_queen,2,G6,2026-05-26,2026-05-26T13:37:50.141000,eq-cam02-20260526-v002,3,3,cam02_20260526133750141000.webp
emerald_queen,1,H6,2026-05-26,2026-05-26T13:55:06.032000,eq-cam01-20260526-v002,1,1,cam01_20260526135506032000.webp
emerald_queen,7,J6,2026-05-26,2026-05-26T14:00:40.173000,eq-cam07-20260526-v001,1,1,cam07_20260526140040173000.webp
emerald_queen,16,I5,2026-05-27,2026-05-27T13:02:43.393000,eq-cam16-20260527-v001,1,2,cam16_20260527130243393000.webp
emerald_queen,16,I5,2026-05-27,2026-05-27T13:02:43.812000,eq-cam16-20260527-v001,2,2,cam16_20260527130243812000.webp
emerald_queen,12,G4,2026-05-27,2026-05-27T14:54:20.272000,eq-cam12-20260527-v001,1,1,cam12_20260527145420272000.webp
emerald_queen,12,G4,2026-05-27,2026-05-27T14:54:22.673000,eq-cam12-20260527-v002,1,2,cam12_20260527145422673000.webp
emerald_queen,12,G4,2026-05-27,2026-05-27T14:54:24.672000,eq-cam12-20260527-v002,2,2,cam12_20260527145424672000.webp
emerald_queen,12,G4,2026-05-27,2026-05-27T14:55:03.881000,eq-cam12-20260527-v003,1,1,cam12_20260527145503881000.webp
emerald_queen,2,G6,2026-05-27,2026-05-27T19:08:51.616000,eq-cam02-20260527-v001,1,1,cam02_20260527190851616000.webp
emerald_queen,13,F4,2026-05-27,2026-05-27T19:16:36.912000,eq-cam13-20260527-v001,1,1,cam13_20260527191636912000.webp
emerald_queen,1,H6,2026-05-28,2026-05-28T09:16:49.025000,eq-cam01-20260528-v001,1,9,cam01_20260528091649025000.webp
emerald_queen,1,H6,2026-05-28,2026-05-28T09:16:49.234000,eq-cam01-20260528-v001,2,9,cam01_20260528091649234000.webp
emerald_queen,1,H6,2026-05-28,2026-05-28T09:16:50.224000,eq-cam01-20260528-v001,3,9,cam01_20260528091650224000.webp
emerald_queen,1,H6,2026-05-28,2026-05-28T09:16:50.623000,eq-cam01-20260528-v001,4,9,cam01_20260528091650623000.webp
emerald_queen,1,H6,2026-05-28,2026-05-28T09:16:51.023000,eq-cam01-20260528-v001,5,9,cam01_20260528091651023000.webp
emerald_queen,1,H6,2026-05-28,2026-05-28T09:16:51.428000,eq-cam01-20260528-v001,6,9,cam01_20260528091651428000.webp
emerald_queen,1,H6,2026-05-28,2026-05-28T09:16:51.823000,eq-cam01-20260528-v001,7,9,cam01_20260528091651823000.webp
emerald_queen,1,H6,2026-05-28,2026-05-28T09:16:52.224000,eq-cam01-20260528-v001,8,9,cam01_20260528091652224000.webp
emerald_queen,1,H6,2026-05-28,2026-05-28T09:16:52.623000,eq-cam01-20260528-v001,9,9,cam01_20260528091652623000.webp
emerald_queen,2,G6,2026-05-28,2026-05-28T09:47:18.310000,eq-cam02-20260528-v001,1,1,cam02_20260528094718310000.webp
emerald_queen,17,H4,2026-05-28,2026-05-28T11:28:04.784000,eq-cam17-20260528-v001,1,1,cam17_20260528112804784000.webp
emerald_queen,2,G6,2026-05-28,2026-05-28T12:38:38.251000,eq-cam02-20260528-v002,1,3,cam02_20260528123838251000.webp
emerald_queen,2,G6,2026-05-28,2026-05-28T12:38:38.463000,eq-cam02-20260528-v002,2,3,cam02_20260528123838463000.webp
emerald_queen,2,G6,2026-05-28,2026-05-28T12:38:38.647000,eq-cam02-20260528-v002,3,3,cam02_20260528123838647000.webp
emerald_queen,2,G6,2026-05-28,2026-05-28T12:58:18.424000,eq-cam02-20260528-v003,1,4,cam02_20260528125818424000.webp
emerald_queen,2,G6,2026-05-28,2026-05-28T12:58:19.023000,eq-cam02-20260528-v003,2,4,cam02_20260528125819023000.webp
emerald_queen,2,G6,2026-05-28,2026-05-28T12:58:19.824000,eq-cam02-20260528-v003,3,4,cam02_20260528125819824000.webp
emerald_queen,2,G6,2026-05-28,2026-05-28T12:58:21.226000,eq-cam02-20260528-v003,4,4,cam02_20260528125821226000.webp
emerald_queen,16,I5,2026-05-28,2026-05-28T15:26:25.170000,eq-cam16-20260528-v001,1,3,cam16_20260528152625170000.webp
emerald_queen,16,I5,2026-05-28,2026-05-28T15:26:25.362000,eq-cam16-20260528-v001,2,3,cam16_20260528152625362000.webp
emerald_queen,16,I5,2026-05-28,2026-05-28T15:26:26.163000,eq-cam16-20260528-v001,3,3,cam16_20260528152626163000.webp
emerald_queen,16,I5,2026-05-28,2026-05-28T15:26:28.175000,eq-cam16-20260528-v002,1,2,cam16_20260528152628175000.webp
emerald_queen,16,I5,2026-05-28,2026-05-28T15:26:28.363000,eq-cam16-20260528-v002,2,2,cam16_20260528152628363000.webp
emerald_queen,6,I3,2026-05-28,2026-05-28T16:34:22.800000,eq-cam06-20260528-v001,1,3,cam06_20260528163422800000.webp
emerald_queen,6,I3,2026-05-28,2026-05-28T16:34:23.001000,eq-cam06-20260528-v001,2,3,cam06_20260528163423001000.webp
emerald_queen,6,I3,2026-05-28,2026-05-28T16:34:23.205000,eq-cam06-20260528-v001,3,3,cam06_20260528163423205000.webp
emerald_queen,17,H4,2026-05-28,2026-05-28T16:36:24.274000,eq-cam17-20260528-v002,1,1,cam17_20260528163624274000.webp
emerald_queen,6,I3,2026-05-28,2026-05-28T16:39:51.256000,eq-cam06-20260528-v002,1,4,cam06_20260528163951256000.webp
emerald_queen,6,I3,2026-05-28,2026-05-28T16:39:51.450000,eq-cam06-20260528-v002,2,4,cam06_20260528163951450000.webp
emerald_queen,6,I3,2026-05-28,2026-05-28T16:39:51.665000,eq-cam06-20260528-v002,3,4,cam06_20260528163951665000.webp
emerald_queen,6,I3,2026-05-28,2026-05-28T16:39:51.850000,eq-cam06-20260528-v002,4,4,cam06_20260528163951850000.webp
emerald_queen,12,G4,2026-05-28,2026-05-28T17:59:56.332000,eq-cam12-20260528-v001,1,1,cam12_20260528175956332000.webp
emerald_queen,2,G6,2026-05-29,2026-05-29T12:55:56.201000,eq-cam02-20260529-v001,1,1,cam02_20260529125556201000.webp
emerald_queen,2,G6,2026-05-29,2026-05-29T12:59:09.825000,eq-cam02-20260529-v002,1,9,cam02_20260529125909825000.webp
emerald_queen,2,G6,2026-05-29,2026-05-29T12:59:10.026000,eq-cam02-20260529-v002,2,9,cam02_20260529125910026000.webp
emerald_queen,2,G6,2026-05-29,2026-05-29T12:59:10.231000,eq-cam02-20260529-v002,3,9,cam02_20260529125910231000.webp
emerald_queen,2,G6,2026-05-29,2026-05-29T12:59:10.424000,eq-cam02-20260529-v002,4,9,cam02_20260529125910424000.webp
emerald_queen,2,G6,2026-05-29,2026-05-29T12:59:11.628000,eq-cam02-20260529-v002,5,9,cam02_20260529125911628000.webp
emerald_queen,2,G6,2026-05-29,2026-05-29T12:59:12.445000,eq-cam02-20260529-v002,6,9,cam02_20260529125912445000.webp
emerald_queen,2,G6,2026-05-29,2026-05-29T12:59:12.639000,eq-cam02-20260529-v002,7,9,cam02_20260529125912639000.webp
emerald_queen,2,G6,2026-05-29,2026-05-29T12:59:12.825000,eq-cam02-20260529-v002,8,9,cam02_20260529125912825000.webp
emerald_queen,2,G6,2026-05-29,2026-05-29T12:59:13.226000,eq-cam02-20260529-v002,9,9,cam02_20260529125913226000.webp
emerald_queen,2,G6,2026-05-29,2026-05-29T13:14:51.177000,eq-cam02-20260529-v003,1,1,cam02_20260529131451177000.webp
emerald_queen,7,J6,2026-05-29,2026-05-29T14:13:43.812000,eq-cam07-20260529-v001,1,1,cam07_20260529141343812000.webp
emerald_queen,5,F3,2026-05-29,2026-05-29T18:21:42.110000,eq-cam05-20260529-v001,1,1,cam05_20260529182142110000.webp
emerald_queen,1,H6,2026-05-30,2026-05-30T11:22:06.374000,eq-cam01-20260530-v001,1,1,cam01_20260530112206374000.webp
emerald_queen,1,H6,2026-05-30,2026-05-30T14:15:10.988000,eq-cam01-20260530-v002,1,6,cam01_20260530141510988000.webp
emerald_queen,1,H6,2026-05-30,2026-05-30T14:15:11.192000,eq-cam01-20260530-v002,2,6,cam01_20260530141511192000.webp
emerald_queen,1,H6,2026-05-30,2026-05-30T14:15:12.588000,eq-cam01-20260530-v002,3,6,cam01_20260530141512588000.webp
emerald_queen,1,H6,2026-05-30,2026-05-30T14:15:12.990000,eq-cam01-20260530-v002,4,6,cam01_20260530141512990000.webp
emerald_queen,1,H6,2026-05-30,2026-05-30T14:15:13.388000,eq-cam01-20260530-v002,5,6,cam01_20260530141513388000.webp
emerald_queen,1,H6,2026-05-30,2026-05-30T14:15:14.991000,eq-cam01-20260530-v002,6,6,cam01_20260530141514991000.webp
emerald_queen,1,H6,2026-05-30,2026-05-30T14:15:18.006000,eq-cam01-20260530-v003,1,1,cam01_20260530141518006000.webp
emerald_queen,1,H6,2026-05-30,2026-05-30T15:59:56.362000,eq-cam01-20260530-v004,1,1,cam01_20260530155956362000.webp
emerald_queen,1,H6,2026-05-31,2026-05-31T08:47:20.657000,eq-cam01-20260531-v001,1,1,cam01_20260531084720657000.webp
emerald_queen,1,H6,2026-05-31,2026-05-31T09:22:24.385000,eq-cam01-20260531-v002,1,1,cam01_20260531092224385000.webp
emerald_queen,1,H6,2026-05-31,2026-05-31T09:23:33.397000,eq-cam01-20260531-v003,1,1,cam01_20260531092333397000.webp
emerald_queen,1,H6,2026-05-31,2026-05-31T09:23:35.790000,eq-cam01-20260531-v004,1,1,cam01_20260531092335790000.webp
emerald_queen,1,H6,2026-05-31,2026-05-31T10:20:29.119000,eq-cam01-20260531-v005,1,1,cam01_20260531102029119000.webp
emerald_queen,4,G5,2026-05-31,2026-05-31T10:53:18.818000,eq-cam04-20260531-v001,1,1,cam04_20260531105318818000.webp
emerald_queen,12,G4,2026-05-31,2026-05-31T11:56:00.613000,eq-cam12-20260531-v001,1,1,cam12_20260531115600613000.webp
emerald_queen,1,H6,2026-05-31,2026-05-31T12:04:07.491000,eq-cam01-20260531-v006,1,2,cam01_20260531120407491000.webp
emerald_queen,1,H6,2026-05-31,2026-05-31T12:04:07.698000,eq-cam01-20260531-v006,2,2,cam01_20260531120407698000.webp
emerald_queen,12,G4,2026-05-31,2026-05-31T12:06:15.100000,eq-cam12-20260531-v002,1,1,cam12_20260531120615100000.webp
emerald_queen,12,G4,2026-05-31,2026-05-31T12:06:19.900000,eq-cam12-20260531-v003,1,1,cam12_20260531120619900000.webp
emerald_queen,12,G4,2026-05-31,2026-05-31T12:06:24.702000,eq-cam12-20260531-v004,1,2,cam12_20260531120624702000.webp
emerald_queen,12,G4,2026-05-31,2026-05-31T12:06:25.501000,eq-cam12-20260531-v004,2,2,cam12_20260531120625501000.webp
emerald_queen,12,G4,2026-05-31,2026-05-31T12:06:27.901000,eq-cam12-20260531-v005,1,2,cam12_20260531120627901000.webp
emerald_queen,12,G4,2026-05-31,2026-05-31T12:06:28.903000,eq-cam12-20260531-v005,2,2,cam12_20260531120628903000.webp
emerald_queen,12,G4,2026-05-31,2026-05-31T12:22:26.043000,eq-cam12-20260531-v006,1,1,cam12_20260531122226043000.webp
emerald_queen,12,G4,2026-05-31,2026-05-31T12:22:33.450000,eq-cam12-20260531-v007,1,3,cam12_20260531122233450000.webp
emerald_queen,12,G4,2026-05-31,2026-05-31T12:22:34.850000,eq-cam12-20260531-v007,2,3,cam12_20260531122234850000.webp
emerald_queen,12,G4,2026-05-31,2026-05-31T12:22:35.447000,eq-cam12-20260531-v007,3,3,cam12_20260531122235447000.webp
emerald_queen,12,G4,2026-05-31,2026-05-31T12:22:39.455000,eq-cam12-20260531-v008,1,1,cam12_20260531122239455000.webp
emerald_queen,12,G4,2026-05-31,2026-05-31T12:22:46.255000,eq-cam12-20260531-v009,1,4,cam12_20260531122246255000.webp
emerald_queen,12,G4,2026-05-31,2026-05-31T12:22:47.254000,eq-cam12-20260531-v009,2,4,cam12_20260531122247254000.webp
emerald_queen,12,G4,2026-05-31,2026-05-31T12:22:49.056000,eq-cam12-20260531-v009,3,4,cam12_20260531122249056000.webp
emerald_queen,12,G4,2026-05-31,2026-05-31T12:22:49.448000,eq-cam12-20260531-v009,4,4,cam12_20260531122249448000.webp
emerald_queen,12,G4,2026-05-31,2026-05-31T12:22:52.449000,eq-cam12-20260531-v010,1,1,cam12_20260531122252449000.webp
emerald_queen,12,G4,2026-05-31,2026-05-31T12:23:05.052000,eq-cam12-20260531-v011,1,2,cam12_20260531122305052000.webp
emerald_queen,12,G4,2026-05-31,2026-05-31T12:23:05.459000,eq-cam12-20260531-v011,2,2,cam12_20260531122305459000.webp
emerald_queen,12,G4,2026-05-31,2026-05-31T12:23:08.451000,eq-cam12-20260531-v012,1,1,cam12_20260531122308451000.webp
emerald_queen,12,G4,2026-05-31,2026-05-31T13:14:33.315000,eq-cam12-20260531-v013,1,1,cam12_20260531131433315000.webp
emerald_queen,12,G4,2026-05-31,2026-05-31T13:14:47.719000,eq-cam12-20260531-v014,1,2,cam12_20260531131447719000.webp
emerald_queen,12,G4,2026-05-31,2026-05-31T13:14:49.325000,eq-cam12-20260531-v014,2,2,cam12_20260531131449325000.webp
emerald_queen,12,G4,2026-05-31,2026-05-31T13:15:02.721000,eq-cam12-20260531-v015,1,1,cam12_20260531131502721000.webp
emerald_queen,12,G4,2026-05-31,2026-05-31T13:34:00.490000,eq-cam12-20260531-v016,1,2,cam12_20260531133400490000.webp
emerald_queen,12,G4,2026-05-31,2026-05-31T13:34:00.692000,eq-cam12-20260531-v016,2,2,cam12_20260531133400692000.webp
emerald_queen,12,G4,2026-05-31,2026-05-31T13:34:10.692000,eq-cam12-20260531-v017,1,2,cam12_20260531133410692000.webp
emerald_queen,12,G4,2026-05-31,2026-05-31T13:34:10.893000,eq-cam12-20260531-v017,2,2,cam12_20260531133410893000.webp
emerald_queen,12,G4,2026-05-31,2026-05-31T13:34:25.501000,eq-cam12-20260531-v018,1,1,cam12_20260531133425501000.webp
emerald_queen,12,G4,2026-05-31,2026-05-31T14:14:09.453000,eq-cam12-20260531-v019,1,1,cam12_20260531141409453000.webp
emerald_queen,5,F3,2026-05-31,2026-05-31T14:39:37.398000,eq-cam05-20260531-v001,1,1,cam05_20260531143937398000.webp
emerald_queen,12,G4,2026-05-31,2026-05-31T14:59:25.868000,eq-cam12-20260531-v020,1,1,cam12_20260531145925868000.webp
emerald_queen,12,G4,2026-05-31,2026-05-31T15:02:53.093000,eq-cam12-20260531-v021,1,1,cam12_20260531150253093000.webp
emerald_queen,12,G4,2026-05-31,2026-05-31T17:59:39.271000,eq-cam12-20260531-v022,1,1,cam12_20260531175939271000.webp
emerald_queen,1,H6,2026-06-01,2026-06-01T08:33:19.868000,eq-cam01-20260601-v001,1,13,cam01_20260601083319868000.webp
emerald_queen,1,H6,2026-06-01,2026-06-01T08:33:20.053000,eq-cam01-20260601-v001,2,13,cam01_20260601083320053000.webp
emerald_queen,1,H6,2026-06-01,2026-06-01T08:33:20.253000,eq-cam01-20260601-v001,3,13,cam01_20260601083320253000.webp
emerald_queen,1,H6,2026-06-01,2026-06-01T08:33:22.056000,eq-cam01-20260601-v001,4,13,cam01_20260601083322056000.webp
emerald_queen,1,H6,2026-06-01,2026-06-01T08:33:22.853000,eq-cam01-20260601-v001,5,13,cam01_20260601083322853000.webp
emerald_queen,1,H6,2026-06-01,2026-06-01T08:33:23.653000,eq-cam01-20260601-v001,6,13,cam01_20260601083323653000.webp
emerald_queen,1,H6,2026-06-01,2026-06-01T08:33:24.054000,eq-cam01-20260601-v001,7,13,cam01_20260601083324054000.webp
emerald_queen,1,H6,2026-06-01,2026-06-01T08:33:24.454000,eq-cam01-20260601-v001,8,13,cam01_20260601083324454000.webp
emerald_queen,1,H6,2026-06-01,2026-06-01T08:33:24.854000,eq-cam01-20260601-v001,9,13,cam01_20260601083324854000.webp
emerald_queen,1,H6,2026-06-01,2026-06-01T08:33:25.653000,eq-cam01-20260601-v001,10,13,cam01_20260601083325653000.webp
emerald_queen,1,H6,2026-06-01,2026-06-01T08:33:26.452000,eq-cam01-20260601-v001,11,13,cam01_20260601083326452000.webp
emerald_queen,1,H6,2026-06-01,2026-06-01T08:33:27.252000,eq-cam01-20260601-v001,12,13,cam01_20260601083327252000.webp
emerald_queen,1,H6,2026-06-01,2026-06-01T08:33:28.453000,eq-cam01-20260601-v001,13,13,cam01_20260601083328453000.webp
emerald_queen,1,H6,2026-06-01,2026-06-01T08:33:36.463000,eq-cam01-20260601-v002,1,7,cam01_20260601083336463000.webp
emerald_queen,1,H6,2026-06-01,2026-06-01T08:33:37.275000,eq-cam01-20260601-v002,2,7,cam01_20260601083337275000.webp
emerald_queen,1,H6,2026-06-01,2026-06-01T08:33:38.670000,eq-cam01-20260601-v002,3,7,cam01_20260601083338670000.webp
emerald_queen,1,H6,2026-06-01,2026-06-01T08:33:39.258000,eq-cam01-20260601-v002,4,7,cam01_20260601083339258000.webp
emerald_queen,1,H6,2026-06-01,2026-06-01T08:33:39.868000,eq-cam01-20260601-v002,5,7,cam01_20260601083339868000.webp
emerald_queen,1,H6,2026-06-01,2026-06-01T08:33:40.058000,eq-cam01-20260601-v002,6,7,cam01_20260601083340058000.webp
emerald_queen,1,H6,2026-06-01,2026-06-01T08:33:40.859000,eq-cam01-20260601-v002,7,7,cam01_20260601083340859000.webp
emerald_queen,1,H6,2026-06-01,2026-06-01T08:33:48.478000,eq-cam01-20260601-v003,1,2,cam01_20260601083348478000.webp
emerald_queen,1,H6,2026-06-01,2026-06-01T08:33:49.057000,eq-cam01-20260601-v003,2,2,cam01_20260601083349057000.webp
emerald_queen,1,H6,2026-06-01,2026-06-01T08:34:06.259000,eq-cam01-20260601-v004,1,3,cam01_20260601083406259000.webp
emerald_queen,1,H6,2026-06-01,2026-06-01T08:34:07.659000,eq-cam01-20260601-v004,2,3,cam01_20260601083407659000.webp
emerald_queen,1,H6,2026-06-01,2026-06-01T08:34:07.860000,eq-cam01-20260601-v004,3,3,cam01_20260601083407860000.webp
emerald_queen,12,G4,2026-06-01,2026-06-01T09:08:16.152000,eq-cam12-20260601-v001,1,1,cam12_20260601090816152000.webp
emerald_queen,15,H5,2026-06-01,2026-06-01T10:33:42.235000,eq-cam15-20260601-v001,1,1,cam15_20260601103342235000.webp
emerald_queen,2,G6,2026-06-01,2026-06-01T10:54:53.800000,eq-cam02-20260601-v001,1,1,cam02_20260601105453800000.webp
emerald_queen,15,H5,2026-06-01,2026-06-01T11:39:57.815000,eq-cam15-20260601-v002,1,1,cam15_20260601113957815000.webp
emerald_queen,16,I5,2026-06-01,2026-06-01T11:57:17.346000,eq-cam16-20260601-v001,1,1,cam16_20260601115717346000.webp
emerald_queen,2,G6,2026-06-01,2026-06-01T12:32:07.481000,eq-cam02-20260601-v002,1,1,cam02_20260601123207481000.webp
emerald_queen,2,G6,2026-06-01,2026-06-01T12:32:09.880000,eq-cam02-20260601-v003,1,1,cam02_20260601123209880000.webp
emerald_queen,12,G4,2026-06-01,2026-06-01T13:53:35.315000,eq-cam12-20260601-v002,1,2,cam12_20260601135335315000.webp
emerald_queen,12,G4,2026-06-01,2026-06-01T13:53:35.515000,eq-cam12-20260601-v002,2,2,cam12_20260601135335515000.webp
emerald_queen,2,G6,2026-06-01,2026-06-01T16:07:24.012000,eq-cam02-20260601-v004,1,1,cam02_20260601160724012000.webp
emerald_queen,1,H6,2026-06-02,2026-06-02T08:31:43.273000,eq-cam01-20260602-v001,1,1,cam01_20260602083143273000.webp
emerald_queen,1,H6,2026-06-02,2026-06-02T08:39:18.342000,eq-cam01-20260602-v002,1,2,cam01_20260602083918342000.webp
emerald_queen,1,H6,2026-06-02,2026-06-02T08:39:18.543000,eq-cam01-20260602-v002,2,2,cam01_20260602083918543000.webp
emerald_queen,2,G6,2026-06-02,2026-06-02T08:45:48.641000,eq-cam02-20260602-v001,1,3,cam02_20260602084548641000.webp
emerald_queen,2,G6,2026-06-02,2026-06-02T08:45:48.872000,eq-cam02-20260602-v001,2,3,cam02_20260602084548872000.webp
emerald_queen,2,G6,2026-06-02,2026-06-02T08:45:49.045000,eq-cam02-20260602-v001,3,3,cam02_20260602084549045000.webp
emerald_queen,1,H6,2026-06-02,2026-06-02T09:35:10.455000,eq-cam01-20260602-v003,1,1,cam01_20260602093510455000.webp
emerald_queen,2,G6,2026-06-02,2026-06-02T10:25:01.531000,eq-cam02-20260602-v002,1,1,cam02_20260602102501531000.webp
emerald_queen,2,G6,2026-06-02,2026-06-02T10:53:39.191000,eq-cam02-20260602-v003,1,3,cam02_20260602105339191000.webp
emerald_queen,2,G6,2026-06-02,2026-06-02T10:53:40.990000,eq-cam02-20260602-v003,2,3,cam02_20260602105340990000.webp
emerald_queen,2,G6,2026-06-02,2026-06-02T10:53:42.191000,eq-cam02-20260602-v003,3,3,cam02_20260602105342191000.webp
emerald_queen,12,G4,2026-06-02,2026-06-02T11:10:50.174000,eq-cam12-20260602-v001,1,1,cam12_20260602111050174000.webp
emerald_queen,16,I5,2026-06-02,2026-06-02T11:36:00.517000,eq-cam16-20260602-v001,1,2,cam16_20260602113600517000.webp
emerald_queen,16,I5,2026-06-02,2026-06-02T11:36:00.727000,eq-cam16-20260602-v001,2,2,cam16_20260602113600727000.webp
emerald_queen,16,I5,2026-06-02,2026-06-02T11:36:05.518000,eq-cam16-20260602-v002,1,4,cam16_20260602113605518000.webp
emerald_queen,16,I5,2026-06-02,2026-06-02T11:36:05.724000,eq-cam16-20260602-v002,2,4,cam16_20260602113605724000.webp
emerald_queen,16,I5,2026-06-02,2026-06-02T11:36:05.931000,eq-cam16-20260602-v002,3,4,cam16_20260602113605931000.webp
emerald_queen,16,I5,2026-06-02,2026-06-02T11:36:06.318000,eq-cam16-20260602-v002,4,4,cam16_20260602113606318000.webp
emerald_queen,12,G4,2026-06-02,2026-06-02T12:17:35.376000,eq-cam12-20260602-v002,1,2,cam12_20260602121735376000.webp
emerald_queen,12,G4,2026-06-02,2026-06-02T12:17:36.774000,eq-cam12-20260602-v002,2,2,cam12_20260602121736774000.webp
emerald_queen,12,G4,2026-06-02,2026-06-02T12:17:39.183000,eq-cam12-20260602-v003,1,2,cam12_20260602121739183000.webp
emerald_queen,12,G4,2026-06-02,2026-06-02T12:17:40.779000,eq-cam12-20260602-v003,2,2,cam12_20260602121740779000.webp
emerald_queen,5,F3,2026-06-02,2026-06-02T12:38:43.708000,eq-cam05-20260602-v001,1,1,cam05_20260602123843708000.webp
emerald_queen,12,G4,2026-06-02,2026-06-02T13:10:28.274000,eq-cam12-20260602-v004,1,2,cam12_20260602131028274000.webp
emerald_queen,12,G4,2026-06-02,2026-06-02T13:10:29.255000,eq-cam12-20260602-v004,2,2,cam12_20260602131029255000.webp
emerald_queen,4,G5,2026-06-02,2026-06-02T13:29:45.041000,eq-cam04-20260602-v001,1,1,cam04_20260602132945041000.webp
emerald_queen,4,G5,2026-06-02,2026-06-02T13:32:47.274000,eq-cam04-20260602-v002,1,2,cam04_20260602133247274000.webp
emerald_queen,4,G5,2026-06-02,2026-06-02T13:32:47.668000,eq-cam04-20260602-v002,2,2,cam04_20260602133247668000.webp
emerald_queen,19,F5,2026-06-02,2026-06-02T13:33:10.961000,eq-cam19-20260602-v001,1,1,cam19_20260602133310961000.webp
emerald_queen,5,F3,2026-06-02,2026-06-02T14:56:53.958000,eq-cam05-20260602-v002,1,1,cam05_20260602145653958000.webp
emerald_queen,4,G5,2026-06-02,2026-06-02T15:05:45.711000,eq-cam04-20260602-v003,1,2,cam04_20260602150545711000.webp
emerald_queen,4,G5,2026-06-02,2026-06-02T15:05:45.909000,eq-cam04-20260602-v003,2,2,cam04_20260602150545909000.webp
emerald_queen,12,G4,2026-06-02,2026-06-02T15:15:06.379000,eq-cam12-20260602-v005,1,1,cam12_20260602151506379000.webp
emerald_queen,2,G6,2026-06-02,2026-06-02T16:41:45.528000,eq-cam02-20260602-v004,1,1,cam02_20260602164145528000.webp
emerald_queen,2,G6,2026-06-02,2026-06-02T17:39:17.257000,eq-cam02-20260602-v005,1,1,cam02_20260602173917257000.webp
emerald_queen,4,G5,2026-06-02,2026-06-02T18:13:45.791000,eq-cam04-20260602-v004,1,2,cam04_20260602181345791000.webp
emerald_queen,4,G5,2026-06-02,2026-06-02T18:13:45.993000,eq-cam04-20260602-v004,2,2,cam04_20260602181345993000.webp
emerald_queen,5,F3,2026-06-02,2026-06-02T18:47:41.643000,eq-cam05-20260602-v003,1,2,cam05_20260602184741643000.webp
emerald_queen,5,F3,2026-06-02,2026-06-02T18:47:41.837000,eq-cam05-20260602-v003,2,2,cam05_20260602184741837000.webp
emerald_queen,14,F6,2026-06-03,2026-06-03T08:46:22.069000,eq-cam14-20260603-v001,1,1,cam14_20260603084622069000.webp
emerald_queen,14,F6,2026-06-03,2026-06-03T08:46:24.269000,eq-cam14-20260603-v002,1,28,cam14_20260603084624269000.webp
emerald_queen,14,F6,2026-06-03,2026-06-03T08:46:24.671000,eq-cam14-20260603-v002,2,28,cam14_20260603084624671000.webp
emerald_queen,14,F6,2026-06-03,2026-06-03T08:46:25.071000,eq-cam14-20260603-v002,3,28,cam14_20260603084625071000.webp
emerald_queen,14,F6,2026-06-03,2026-06-03T08:46:26.075000,eq-cam14-20260603-v002,4,28,cam14_20260603084626075000.webp
emerald_queen,14,F6,2026-06-03,2026-06-03T08:46:26.279000,eq-cam14-20260603-v002,5,28,cam14_20260603084626279000.webp
emerald_queen,14,F6,2026-06-03,2026-06-03T08:46:26.670000,eq-cam14-20260603-v002,6,28,cam14_20260603084626670000.webp
emerald_queen,14,F6,2026-06-03,2026-06-03T08:46:28.070000,eq-cam14-20260603-v002,7,28,cam14_20260603084628070000.webp
emerald_queen,14,F6,2026-06-03,2026-06-03T08:46:28.481000,eq-cam14-20260603-v002,8,28,cam14_20260603084628481000.webp
emerald_queen,14,F6,2026-06-03,2026-06-03T08:46:28.874000,eq-cam14-20260603-v002,9,28,cam14_20260603084628874000.webp
emerald_queen,14,F6,2026-06-03,2026-06-03T08:46:29.071000,eq-cam14-20260603-v002,10,28,cam14_20260603084629071000.webp
emerald_queen,14,F6,2026-06-03,2026-06-03T08:46:29.271000,eq-cam14-20260603-v002,11,28,cam14_20260603084629271000.webp
emerald_queen,14,F6,2026-06-03,2026-06-03T08:46:29.870000,eq-cam14-20260603-v002,12,28,cam14_20260603084629870000.webp
emerald_queen,14,F6,2026-06-03,2026-06-03T08:46:30.070000,eq-cam14-20260603-v002,13,28,cam14_20260603084630070000.webp
emerald_queen,14,F6,2026-06-03,2026-06-03T08:46:30.677000,eq-cam14-20260603-v002,14,28,cam14_20260603084630677000.webp
emerald_queen,14,F6,2026-06-03,2026-06-03T08:46:30.870000,eq-cam14-20260603-v002,15,28,cam14_20260603084630870000.webp
emerald_queen,14,F6,2026-06-03,2026-06-03T08:46:31.472000,eq-cam14-20260603-v002,16,28,cam14_20260603084631472000.webp
emerald_queen,14,F6,2026-06-03,2026-06-03T08:46:32.280000,eq-cam14-20260603-v002,17,28,cam14_20260603084632280000.webp
emerald_queen,14,F6,2026-06-03,2026-06-03T08:46:33.275000,eq-cam14-20260603-v002,18,28,cam14_20260603084633275000.webp
emerald_queen,14,F6,2026-06-03,2026-06-03T08:46:33.472000,eq-cam14-20260603-v002,19,28,cam14_20260603084633472000.webp
emerald_queen,14,F6,2026-06-03,2026-06-03T08:46:33.679000,eq-cam14-20260603-v002,20,28,cam14_20260603084633679000.webp
emerald_queen,14,F6,2026-06-03,2026-06-03T08:46:33.871000,eq-cam14-20260603-v002,21,28,cam14_20260603084633871000.webp
emerald_queen,14,F6,2026-06-03,2026-06-03T08:46:34.272000,eq-cam14-20260603-v002,22,28,cam14_20260603084634272000.webp
emerald_queen,14,F6,2026-06-03,2026-06-03T08:46:34.672000,eq-cam14-20260603-v002,23,28,cam14_20260603084634672000.webp
emerald_queen,14,F6,2026-06-03,2026-06-03T08:46:35.072000,eq-cam14-20260603-v002,24,28,cam14_20260603084635072000.webp
emerald_queen,14,F6,2026-06-03,2026-06-03T08:46:35.471000,eq-cam14-20260603-v002,25,28,cam14_20260603084635471000.webp
emerald_queen,14,F6,2026-06-03,2026-06-03T08:46:35.872000,eq-cam14-20260603-v002,26,28,cam14_20260603084635872000.webp
emerald_queen,14,F6,2026-06-03,2026-06-03T08:46:37.870000,eq-cam14-20260603-v002,27,28,cam14_20260603084637870000.webp
emerald_queen,14,F6,2026-06-03,2026-06-03T08:46:38.280000,eq-cam14-20260603-v002,28,28,cam14_20260603084638280000.webp
emerald_queen,14,F6,2026-06-03,2026-06-03T08:46:41.877000,eq-cam14-20260603-v003,1,5,cam14_20260603084641877000.webp
emerald_queen,14,F6,2026-06-03,2026-06-03T08:46:42.073000,eq-cam14-20260603-v003,2,5,cam14_20260603084642073000.webp
emerald_queen,14,F6,2026-06-03,2026-06-03T08:46:42.272000,eq-cam14-20260603-v003,3,5,cam14_20260603084642272000.webp
emerald_queen,14,F6,2026-06-03,2026-06-03T08:46:42.479000,eq-cam14-20260603-v003,4,5,cam14_20260603084642479000.webp
emerald_queen,14,F6,2026-06-03,2026-06-03T08:46:42.872000,eq-cam14-20260603-v003,5,5,cam14_20260603084642872000.webp
emerald_queen,12,G4,2026-06-03,2026-06-03T09:35:48.264000,eq-cam12-20260603-v001,1,1,cam12_20260603093548264000.webp
emerald_queen,2,G6,2026-06-03,2026-06-03T10:04:15.119000,eq-cam02-20260603-v001,1,3,cam02_20260603100415119000.webp
emerald_queen,2,G6,2026-06-03,2026-06-03T10:04:15.523000,eq-cam02-20260603-v001,2,3,cam02_20260603100415523000.webp
emerald_queen,2,G6,2026-06-03,2026-06-03T10:04:17.321000,eq-cam02-20260603-v001,3,3,cam02_20260603100417321000.webp
emerald_queen,2,G6,2026-06-03,2026-06-03T10:42:18.464000,eq-cam02-20260603-v002,1,1,cam02_20260603104218464000.webp
emerald_queen,2,G6,2026-06-03,2026-06-03T11:08:18.498000,eq-cam02-20260603-v003,1,4,cam02_20260603110818498000.webp
emerald_queen,2,G6,2026-06-03,2026-06-03T11:08:19.299000,eq-cam02-20260603-v003,2,4,cam02_20260603110819299000.webp
emerald_queen,2,G6,2026-06-03,2026-06-03T11:08:20.505000,eq-cam02-20260603-v003,3,4,cam02_20260603110820505000.webp
emerald_queen,2,G6,2026-06-03,2026-06-03T11:08:21.299000,eq-cam02-20260603-v003,4,4,cam02_20260603110821299000.webp
emerald_queen,1,H6,2026-06-03,2026-06-03T12:01:23.302000,eq-cam01-20260603-v001,1,1,cam01_20260603120123302000.webp
emerald_queen,1,H6,2026-06-03,2026-06-03T12:13:31.199000,eq-cam01-20260603-v002,1,1,cam01_20260603121331199000.webp
emerald_queen,1,H6,2026-06-03,2026-06-03T12:21:40.480000,eq-cam01-20260603-v003,1,1,cam01_20260603122140480000.webp
emerald_queen,1,H6,2026-06-03,2026-06-03T12:21:51.475000,eq-cam01-20260603-v004,1,2,cam01_20260603122151475000.webp
emerald_queen,1,H6,2026-06-03,2026-06-03T12:21:51.876000,eq-cam01-20260603-v004,2,2,cam01_20260603122151876000.webp
emerald_queen,1,H6,2026-06-03,2026-06-03T12:21:57.875000,eq-cam01-20260603-v005,1,1,cam01_20260603122157875000.webp
emerald_queen,1,H6,2026-06-03,2026-06-03T12:22:00.478000,eq-cam01-20260603-v006,1,2,cam01_20260603122200478000.webp
emerald_queen,1,H6,2026-06-03,2026-06-03T12:22:00.679000,eq-cam01-20260603-v006,2,2,cam01_20260603122200679000.webp
emerald_queen,1,H6,2026-06-03,2026-06-03T12:22:04.888000,eq-cam01-20260603-v007,1,1,cam01_20260603122204888000.webp
emerald_queen,1,H6,2026-06-03,2026-06-03T12:26:38.518000,eq-cam01-20260603-v008,1,2,cam01_20260603122638518000.webp
emerald_queen,1,H6,2026-06-03,2026-06-03T12:26:40.322000,eq-cam01-20260603-v008,2,2,cam01_20260603122640322000.webp
emerald_queen,1,H6,2026-06-03,2026-06-03T12:26:49.721000,eq-cam01-20260603-v009,1,1,cam01_20260603122649721000.webp
emerald_queen,1,H6,2026-06-03,2026-06-03T12:38:46.029000,eq-cam01-20260603-v010,1,1,cam01_20260603123846029000.webp
emerald_queen,8,J3,2026-06-03,2026-06-03T16:38:29.189000,eq-cam08-20260603-v001,1,1,cam08_20260603163829189000.webp
emerald_queen,15,H5,2026-06-04,2026-06-04T11:16:57.932000,eq-cam15-20260604-v001,1,1,cam15_20260604111657932000.webp
emerald_queen,15,H5,2026-06-04,2026-06-04T11:16:59.937000,eq-cam15-20260604-v002,1,1,cam15_20260604111659937000.webp
emerald_queen,5,F3,2026-06-05,2026-06-05T12:47:42.525000,eq-cam05-20260605-v001,1,1,cam05_20260605124742525000.webp
emerald_queen,5,F3,2026-06-07,2026-06-07T15:02:41.947000,eq-cam05-20260607-v001,1,1,cam05_20260607150241947000.webp
emerald_queen,15,H5,2026-06-09,2026-06-09T07:24:23.464000,eq-cam15-20260609-v001,1,2,cam15_20260609072423464000.webp
emerald_queen,15,H5,2026-06-09,2026-06-09T07:24:23.665000,eq-cam15-20260609-v001,2,2,cam15_20260609072423665000.webp
emerald_queen,15,H5,2026-06-09,2026-06-09T10:15:46.158000,eq-cam15-20260609-v002,1,1,cam15_20260609101546158000.webp
emerald_queen,5,F3,2026-06-09,2026-06-09T11:42:47.798000,eq-cam05-20260609-v001,1,4,cam05_20260609114247798000.webp
emerald_queen,5,F3,2026-06-09,2026-06-09T11:42:48,eq-cam05-20260609-v001,2,4,cam05_20260609114248.webp
emerald_queen,5,F3,2026-06-09,2026-06-09T11:42:48.211000,eq-cam05-20260609-v001,3,4,cam05_20260609114248211000.webp
emerald_queen,5,F3,2026-06-09,2026-06-09T11:42:48.401000,eq-cam05-20260609-v001,4,4,cam05_20260609114248401000.webp
emerald_queen,5,F3,2026-06-09,2026-06-09T16:54:10.998000,eq-cam05-20260609-v002,1,1,cam05_20260609165410998000.webp
emerald_queen,15,H5,2026-06-10,2026-06-10T10:53:58.104000,eq-cam15-20260610-v001,1,3,cam15_20260610105358104000.webp
emerald_queen,15,H5,2026-06-10,2026-06-10T10:53:58.303000,eq-cam15-20260610-v001,2,3,cam15_20260610105358303000.webp
emerald_queen,15,H5,2026-06-10,2026-06-10T10:53:58.903000,eq-cam15-20260610-v001,3,3,cam15_20260610105358903000.webp
emerald_queen,15,H5,2026-06-10,2026-06-10T10:54:01.723000,eq-cam15-20260610-v002,1,1,cam15_20260610105401723000.webp
emerald_queen,15,H5,2026-06-10,2026-06-10T11:15:16.315000,eq-cam15-20260610-v003,1,1,cam15_20260610111516315000.webp
emerald_queen,5,F3,2026-06-10,2026-06-10T12:40:36.691000,eq-cam05-20260610-v001,1,5,cam05_20260610124036691000.webp
emerald_queen,5,F3,2026-06-10,2026-06-10T12:40:36.892000,eq-cam05-20260610-v001,2,5,cam05_20260610124036892000.webp
emerald_queen,5,F3,2026-06-10,2026-06-10T12:40:37.093000,eq-cam05-20260610-v001,3,5,cam05_20260610124037093000.webp
emerald_queen,5,F3,2026-06-10,2026-06-10T12:40:37.291000,eq-cam05-20260610-v001,4,5,cam05_20260610124037291000.webp
emerald_queen,5,F3,2026-06-10,2026-06-10T12:40:37.693000,eq-cam05-20260610-v001,5,5,cam05_20260610124037693000.webp
emerald_queen,5,F3,2026-06-10,2026-06-10T14:56:06.117000,eq-cam05-20260610-v002,1,1,cam05_20260610145606117000.webp
emerald_queen,5,F3,2026-06-10,2026-06-10T17:10:14.127000,eq-cam05-20260610-v003,1,2,cam05_20260610171014127000.webp
emerald_queen,5,F3,2026-06-10,2026-06-10T17:10:14.320000,eq-cam05-20260610-v003,2,2,cam05_20260610171014320000.webp
