site,camera_id,grid_cell,date,visit_id,visit_started_at,visit_ended_at,duration_seconds,frame_count,representative_captured_at,crop_filename
emerald_queen,2,G6,2026-05-02,eq-cam02-20260502-v001,2026-05-02T23:08:51.645000,2026-05-02T23:08:51.645000,0,1,2026-05-02T23:08:51.645000,cam02_20260502230851645000.webp
emerald_queen,3,J5,2026-05-03,eq-cam03-20260503-v001,2026-05-03T00:08:02.891000,2026-05-03T00:08:02.891000,0,1,2026-05-03T00:08:02.891000,cam03_20260503000802891000.webp
emerald_queen,3,J5,2026-05-08,eq-cam03-20260508-v001,2026-05-08T12:51:22.774000,2026-05-08T12:51:22.774000,0,1,2026-05-08T12:51:22.774000,cam03_20260508125122774000.webp
emerald_queen,3,J5,2026-05-08,eq-cam03-20260508-v002,2026-05-08T12:52:00.082000,2026-05-08T12:52:00.082000,0,1,2026-05-08T12:52:00.082000,cam03_20260508125200082000.webp
emerald_queen,3,J5,2026-05-08,eq-cam03-20260508-v003,2026-05-08T13:10:43.698000,2026-05-08T13:10:43.698000,0,1,2026-05-08T13:10:43.698000,cam03_20260508131043698000.webp
emerald_queen,3,J5,2026-05-08,eq-cam03-20260508-v004,2026-05-08T16:02:56.540000,2026-05-08T16:02:57.908000,1.368,2,2026-05-08T16:02:56.540000,cam03_20260508160256540000.webp
emerald_queen,3,J5,2026-05-09,eq-cam03-20260509-v001,2026-05-09T10:52:25.406000,2026-05-09T10:52:25.406000,0,1,2026-05-09T10:52:25.406000,cam03_20260509105225406000.webp
emerald_queen,3,J5,2026-05-09,eq-cam03-20260509-v002,2026-05-09T11:02:34.923000,2026-05-09T11:02:36.319000,1.396,2,2026-05-09T11:02:34.923000,cam03_20260509110234923000.webp
emerald_queen,3,J5,2026-05-09,eq-cam03-20260509-v003,2026-05-09T12:11:59.517000,2026-05-09T12:11:59.517000,0,1,2026-05-09T12:11:59.517000,cam03_20260509121159517000.webp
emerald_queen,3,J5,2026-05-09,eq-cam03-20260509-v004,2026-05-09T12:56:14.397000,2026-05-09T12:56:14.397000,0,1,2026-05-09T12:56:14.397000,cam03_20260509125614397000.webp
emerald_queen,3,J5,2026-05-09,eq-cam03-20260509-v005,2026-05-09T13:24:54.270000,2026-05-09T13:24:54.270000,0,1,2026-05-09T13:24:54.270000,cam03_20260509132454270000.webp
emerald_queen,1,H6,2026-05-10,eq-cam01-20260510-v001,2026-05-10T13:21:21.175000,2026-05-10T13:21:21.175000,0,1,2026-05-10T13:21:21.175000,cam01_20260510132121175000.webp
emerald_queen,1,H6,2026-05-10,eq-cam01-20260510-v002,2026-05-10T17:23:44.877000,2026-05-10T17:23:44.877000,0,1,2026-05-10T17:23:44.877000,cam01_20260510172344877000.webp
emerald_queen,1,H6,2026-05-10,eq-cam01-20260510-v003,2026-05-10T17:23:48.868000,2026-05-10T17:23:48.868000,0,1,2026-05-10T17:23:48.868000,cam01_20260510172348868000.webp
emerald_queen,1,H6,2026-05-11,eq-cam01-20260511-v001,2026-05-11T11:33:51.239000,2026-05-11T11:33:51.239000,0,1,2026-05-11T11:33:51.239000,cam01_20260511113351239000.webp
emerald_queen,1,H6,2026-05-11,eq-cam01-20260511-v002,2026-05-11T12:01:48.897000,2026-05-11T12:01:48.897000,0,1,2026-05-11T12:01:48.897000,cam01_20260511120148897000.webp
emerald_queen,1,H6,2026-05-11,eq-cam01-20260511-v003,2026-05-11T12:41:16.270000,2026-05-11T12:41:16.270000,0,1,2026-05-11T12:41:16.270000,cam01_20260511124116270000.webp
emerald_queen,1,H6,2026-05-11,eq-cam01-20260511-v004,2026-05-11T12:53:52.955000,2026-05-11T12:53:52.955000,0,1,2026-05-11T12:53:52.955000,cam01_20260511125352955000.webp
emerald_queen,6,I3,2026-05-11,eq-cam06-20260511-v001,2026-05-11T12:59:36.598000,2026-05-11T12:59:36.598000,0,1,2026-05-11T12:59:36.598000,cam06_20260511125936598000.webp
emerald_queen,6,I3,2026-05-11,eq-cam06-20260511-v002,2026-05-11T13:22:25.065000,2026-05-11T13:22:25.065000,0,1,2026-05-11T13:22:25.065000,cam06_20260511132225065000.webp
emerald_queen,6,I3,2026-05-11,eq-cam06-20260511-v003,2026-05-11T13:54:35.802000,2026-05-11T13:54:35.802000,0,1,2026-05-11T13:54:35.802000,cam06_20260511135435802000.webp
emerald_queen,1,H6,2026-05-11,eq-cam01-20260511-v005,2026-05-11T14:03:47.646000,2026-05-11T14:03:47.646000,0,1,2026-05-11T14:03:47.646000,cam01_20260511140347646000.webp
emerald_queen,1,H6,2026-05-11,eq-cam01-20260511-v006,2026-05-11T14:49:07.507000,2026-05-11T14:49:07.507000,0,1,2026-05-11T14:49:07.507000,cam01_20260511144907507000.webp
emerald_queen,3,J5,2026-05-12,eq-cam03-20260512-v001,2026-05-12T08:45:14.748000,2026-05-12T08:45:14.748000,0,1,2026-05-12T08:45:14.748000,cam03_20260512084514748000.webp
emerald_queen,6,I3,2026-05-12,eq-cam06-20260512-v001,2026-05-12T08:49:08.048000,2026-05-12T08:49:08.048000,0,1,2026-05-12T08:49:08.048000,cam06_20260512084908048000.webp
emerald_queen,6,I3,2026-05-12,eq-cam06-20260512-v002,2026-05-12T08:49:12.805000,2026-05-12T08:49:12.805000,0,1,2026-05-12T08:49:12.805000,cam06_20260512084912805000.webp
emerald_queen,4,G5,2026-05-12,eq-cam04-20260512-v001,2026-05-12T10:09:35.733000,2026-05-12T10:09:35.733000,0,1,2026-05-12T10:09:35.733000,cam04_20260512100935733000.webp
emerald_queen,4,G5,2026-05-12,eq-cam04-20260512-v002,2026-05-12T11:15:57.843000,2026-05-12T11:15:57.843000,0,1,2026-05-12T11:15:57.843000,cam04_20260512111557843000.webp
emerald_queen,4,G5,2026-05-12,eq-cam04-20260512-v003,2026-05-12T11:16:01.999000,2026-05-12T11:16:01.999000,0,1,2026-05-12T11:16:01.999000,cam04_20260512111601999000.webp
emerald_queen,1,H6,2026-05-12,eq-cam01-20260512-v001,2026-05-12T13:13:09.269000,2026-05-12T13:13:12.060000,2.791,3,2026-05-12T13:13:12.060000,cam01_20260512131312060000.webp
emerald_queen,11,G3,2026-05-12,eq-cam11-20260512-v001,2026-05-12T13:23:59.573000,2026-05-12T13:23:59.573000,0,1,2026-05-12T13:23:59.573000,cam11_20260512132359573000.webp
emerald_queen,11,G3,2026-05-12,eq-cam11-20260512-v002,2026-05-12T13:24:26.993000,2026-05-12T13:24:26.993000,0,1,2026-05-12T13:24:26.993000,cam11_20260512132426993000.webp
emerald_queen,18,F5,2026-05-12,eq-cam18-20260512-v001,2026-05-12T13:54:35.536000,2026-05-12T13:54:35.536000,0,1,2026-05-12T13:54:35.536000,cam18_20260512135435536000.webp
emerald_queen,18,F5,2026-05-12,eq-cam18-20260512-v002,2026-05-12T13:56:58.607000,2026-05-12T13:56:58.607000,0,1,2026-05-12T13:56:58.607000,cam18_20260512135658607000.webp
emerald_queen,1,H6,2026-05-12,eq-cam01-20260512-v002,2026-05-12T15:19:30.950000,2026-05-12T15:19:30.950000,0,1,2026-05-12T15:19:30.950000,cam01_20260512151930950000.webp
emerald_queen,1,H6,2026-05-12,eq-cam01-20260512-v003,2026-05-12T15:49:21.535000,2026-05-12T15:49:21.535000,0,1,2026-05-12T15:49:21.535000,cam01_20260512154921535000.webp
emerald_queen,1,H6,2026-05-13,eq-cam01-20260513-v001,2026-05-13T14:09:55.625000,2026-05-13T14:09:55.625000,0,1,2026-05-13T14:09:55.625000,cam01_20260513140955625000.webp
emerald_queen,11,G3,2026-05-13,eq-cam11-20260513-v001,2026-05-13T14:20:29.633000,2026-05-13T14:20:29.633000,0,1,2026-05-13T14:20:29.633000,cam11_20260513142029633000.webp
emerald_queen,11,G3,2026-05-13,eq-cam11-20260513-v002,2026-05-13T14:20:46.425000,2026-05-13T14:20:46.425000,0,1,2026-05-13T14:20:46.425000,cam11_20260513142046425000.webp
emerald_queen,18,F5,2026-05-13,eq-cam18-20260513-v001,2026-05-13T15:28:38.222000,2026-05-13T15:28:38.222000,0,1,2026-05-13T15:28:38.222000,cam18_20260513152838222000.webp
emerald_queen,18,F5,2026-05-13,eq-cam18-20260513-v002,2026-05-13T15:28:40.823000,2026-05-13T15:28:40.823000,0,1,2026-05-13T15:28:40.823000,cam18_20260513152840823000.webp
emerald_queen,18,F5,2026-05-13,eq-cam18-20260513-v003,2026-05-13T15:28:43.026000,2026-05-13T15:28:44.224000,1.198,3,2026-05-13T15:28:44.224000,cam18_20260513152844224000.webp
emerald_queen,18,F5,2026-05-13,eq-cam18-20260513-v004,2026-05-13T15:28:51.624000,2026-05-13T15:28:51.624000,0,1,2026-05-13T15:28:51.624000,cam18_20260513152851624000.webp
emerald_queen,18,F5,2026-05-13,eq-cam18-20260513-v005,2026-05-13T15:29:48.834000,2026-05-13T15:29:49.243000,0.409,2,2026-05-13T15:29:49.243000,cam18_20260513152949243000.webp
emerald_queen,18,F5,2026-05-13,eq-cam18-20260513-v006,2026-05-13T15:29:54.639000,2026-05-13T15:29:56.837000,2.198,6,2026-05-13T15:29:56.837000,cam18_20260513152956837000.webp
emerald_queen,18,F5,2026-05-13,eq-cam18-20260513-v007,2026-05-13T15:30:12.242000,2026-05-13T15:30:15.242000,3,5,2026-05-13T15:30:14.239000,cam18_20260513153014239000.webp
emerald_queen,18,F5,2026-05-13,eq-cam18-20260513-v008,2026-05-13T15:30:22.048000,2026-05-13T15:30:22.048000,0,1,2026-05-13T15:30:22.048000,cam18_20260513153022048000.webp
emerald_queen,17,H4,2026-05-13,eq-cam17-20260513-v001,2026-05-13T15:36:30.769000,2026-05-13T15:36:30.769000,0,1,2026-05-13T15:36:30.769000,cam17_20260513153630769000.webp
emerald_queen,17,H4,2026-05-13,eq-cam17-20260513-v002,2026-05-13T15:37:47.396000,2026-05-13T15:37:47.396000,0,1,2026-05-13T15:37:47.396000,cam17_20260513153747396000.webp
emerald_queen,20,I4,2026-05-14,eq-cam20-20260514-v001,2026-05-14T11:02:48.946000,2026-05-14T11:02:48.946000,0,1,2026-05-14T11:02:48.946000,cam20_20260514110248946000.webp
emerald_queen,15,H5,2026-05-14,eq-cam15-20260514-v001,2026-05-14T11:10:29.246000,2026-05-14T11:10:29.246000,0,1,2026-05-14T11:10:29.246000,cam15_20260514111029246000.webp
emerald_queen,12,G4,2026-05-14,eq-cam12-20260514-v001,2026-05-14T11:30:01.890000,2026-05-14T11:30:01.890000,0,1,2026-05-14T11:30:01.890000,cam12_20260514113001890000.webp
emerald_queen,12,G4,2026-05-14,eq-cam12-20260514-v002,2026-05-14T11:32:41.903000,2026-05-14T11:32:43.711000,1.808,2,2026-05-14T11:32:41.903000,cam12_20260514113241903000.webp
emerald_queen,1,H6,2026-05-14,eq-cam01-20260514-v001,2026-05-14T11:33:44.615000,2026-05-14T11:33:44.615000,0,1,2026-05-14T11:33:44.615000,cam01_20260514113344615000.webp
emerald_queen,13,F4,2026-05-14,eq-cam13-20260514-v001,2026-05-14T11:46:07.010000,2026-05-14T11:46:07.810000,0.8,2,2026-05-14T11:46:07.010000,cam13_20260514114607010000.webp
emerald_queen,13,F4,2026-05-14,eq-cam13-20260514-v002,2026-05-14T11:46:12.010000,2026-05-14T11:46:12.010000,0,1,2026-05-14T11:46:12.010000,cam13_20260514114612010000.webp
emerald_queen,13,F4,2026-05-14,eq-cam13-20260514-v003,2026-05-14T11:46:46.614000,2026-05-14T11:46:46.614000,0,1,2026-05-14T11:46:46.614000,cam13_20260514114646614000.webp
emerald_queen,13,F4,2026-05-14,eq-cam13-20260514-v004,2026-05-14T11:47:25.826000,2026-05-14T11:47:25.826000,0,1,2026-05-14T11:47:25.826000,cam13_20260514114725826000.webp
emerald_queen,13,F4,2026-05-14,eq-cam13-20260514-v005,2026-05-14T11:47:42.224000,2026-05-14T11:47:42.630000,0.406,3,2026-05-14T11:47:42.224000,cam13_20260514114742224000.webp
emerald_queen,1,H6,2026-05-14,eq-cam01-20260514-v002,2026-05-14T12:05:27.718000,2026-05-14T12:05:28.511000,0.793,2,2026-05-14T12:05:28.511000,cam01_20260514120528511000.webp
emerald_queen,13,F4,2026-05-14,eq-cam13-20260514-v006,2026-05-14T13:13:55.783000,2026-05-14T13:13:55.983000,0.2,2,2026-05-14T13:13:55.783000,cam13_20260514131355783000.webp
emerald_queen,1,H6,2026-05-14,eq-cam01-20260514-v003,2026-05-14T14:08:11.419000,2026-05-14T14:08:12.219000,0.8,2,2026-05-14T14:08:12.219000,cam01_20260514140812219000.webp
emerald_queen,1,H6,2026-05-14,eq-cam01-20260514-v004,2026-05-14T14:23:15.985000,2026-05-14T14:23:18.584000,2.599,5,2026-05-14T14:23:16.585000,cam01_20260514142316585000.webp
emerald_queen,1,H6,2026-05-14,eq-cam01-20260514-v005,2026-05-14T14:23:24.787000,2026-05-14T14:23:26.390000,1.603,2,2026-05-14T14:23:26.390000,cam01_20260514142326390000.webp
emerald_queen,1,H6,2026-05-14,eq-cam01-20260514-v006,2026-05-14T15:40:44.200000,2026-05-14T15:40:44.200000,0,1,2026-05-14T15:40:44.200000,cam01_20260514154044200000.webp
emerald_queen,2,G6,2026-05-14,eq-cam02-20260514-v001,2026-05-14T16:16:44.776000,2026-05-14T16:16:44.776000,0,1,2026-05-14T16:16:44.776000,cam02_20260514161644776000.webp
emerald_queen,1,H6,2026-05-15,eq-cam01-20260515-v001,2026-05-15T09:57:55.066000,2026-05-15T09:58:01.265000,6.199,11,2026-05-15T09:57:56.063000,cam01_20260515095756063000.webp
emerald_queen,1,H6,2026-05-15,eq-cam01-20260515-v002,2026-05-15T09:58:04.061000,2026-05-15T09:58:06.062000,2.001,3,2026-05-15T09:58:06.062000,cam01_20260515095806062000.webp
emerald_queen,1,H6,2026-05-15,eq-cam01-20260515-v003,2026-05-15T10:13:51.008000,2026-05-15T10:13:51.416000,0.408,2,2026-05-15T10:13:51.416000,cam01_20260515101351416000.webp
emerald_queen,1,H6,2026-05-15,eq-cam01-20260515-v004,2026-05-15T10:13:55.213000,2026-05-15T10:13:57.810000,2.597,5,2026-05-15T10:13:57.810000,cam01_20260515101357810000.webp
emerald_queen,1,H6,2026-05-15,eq-cam01-20260515-v005,2026-05-15T10:46:42.524000,2026-05-15T10:46:42.524000,0,1,2026-05-15T10:46:42.524000,cam01_20260515104642524000.webp
emerald_queen,14,F6,2026-05-15,eq-cam14-20260515-v001,2026-05-15T11:18:56.006000,2026-05-15T11:18:56.006000,0,1,2026-05-15T11:18:56.006000,cam14_20260515111856006000.webp
emerald_queen,1,H6,2026-05-15,eq-cam01-20260515-v006,2026-05-15T12:24:05.228000,2026-05-15T12:24:06.021000,0.793,2,2026-05-15T12:24:06.021000,cam01_20260515122406021000.webp
emerald_queen,12,G4,2026-05-15,eq-cam12-20260515-v001,2026-05-15T12:37:04.729000,2026-05-15T12:37:04.729000,0,1,2026-05-15T12:37:04.729000,cam12_20260515123704729000.webp
emerald_queen,2,G6,2026-05-15,eq-cam02-20260515-v001,2026-05-15T13:13:32.418000,2026-05-15T13:13:32.418000,0,1,2026-05-15T13:13:32.418000,cam02_20260515131332418000.webp
emerald_queen,2,G6,2026-05-15,eq-cam02-20260515-v002,2026-05-15T13:13:38.019000,2026-05-15T13:13:38.019000,0,1,2026-05-15T13:13:38.019000,cam02_20260515131338019000.webp
emerald_queen,7,J6,2026-05-15,eq-cam07-20260515-v001,2026-05-15T13:34:23.320000,2026-05-15T13:34:26.321000,3.001,4,2026-05-15T13:34:26.321000,cam07_20260515133426321000.webp
emerald_queen,7,J6,2026-05-15,eq-cam07-20260515-v002,2026-05-15T13:34:28.321000,2026-05-15T13:34:30.722000,2.401,5,2026-05-15T13:34:30.126000,cam07_20260515133430126000.webp
emerald_queen,13,F4,2026-05-15,eq-cam13-20260515-v001,2026-05-15T15:05:47.399000,2026-05-15T15:05:47.399000,0,1,2026-05-15T15:05:47.399000,cam13_20260515150547399000.webp
emerald_queen,6,I3,2026-05-15,eq-cam06-20260515-v001,2026-05-15T15:11:58.525000,2026-05-15T15:11:58.525000,0,1,2026-05-15T15:11:58.525000,cam06_20260515151158525000.webp
emerald_queen,17,H4,2026-05-15,eq-cam17-20260515-v001,2026-05-15T15:31:57.954000,2026-05-15T15:31:59.556000,1.602,3,2026-05-15T15:31:59.556000,cam17_20260515153159556000.webp
emerald_queen,17,H4,2026-05-15,eq-cam17-20260515-v002,2026-05-15T15:32:02.558000,2026-05-15T15:32:02.755000,0.197,2,2026-05-15T15:32:02.558000,cam17_20260515153202558000.webp
emerald_queen,17,H4,2026-05-15,eq-cam17-20260515-v003,2026-05-15T15:51:35.524000,2026-05-15T15:51:35.524000,0,1,2026-05-15T15:51:35.524000,cam17_20260515155135524000.webp
emerald_queen,18,F5,2026-05-16,eq-cam18-20260516-v001,2026-05-16T12:07:57.856000,2026-05-16T12:07:57.856000,0,1,2026-05-16T12:07:57.856000,cam18_20260516120757856000.webp
emerald_queen,8,J3,2026-05-16,eq-cam08-20260516-v001,2026-05-16T12:09:30.520000,2026-05-16T12:09:31.122000,0.602,2,2026-05-16T12:09:30.520000,cam08_20260516120930520000.webp
emerald_queen,5,F3,2026-05-16,eq-cam05-20260516-v001,2026-05-16T12:54:06.404000,2026-05-16T12:54:06.404000,0,1,2026-05-16T12:54:06.404000,cam05_20260516125406404000.webp
emerald_queen,12,G4,2026-05-16,eq-cam12-20260516-v001,2026-05-16T15:16:45.768000,2026-05-16T15:16:45.768000,0,1,2026-05-16T15:16:45.768000,cam12_20260516151645768000.webp
emerald_queen,12,G4,2026-05-16,eq-cam12-20260516-v002,2026-05-16T15:16:48.767000,2026-05-16T15:16:52.367000,3.6,5,2026-05-16T15:16:50.373000,cam12_20260516151650373000.webp
emerald_queen,11,G3,2026-05-16,eq-cam11-20260516-v001,2026-05-16T15:38:31.105000,2026-05-16T15:38:31.105000,0,1,2026-05-16T15:38:31.105000,cam11_20260516153831105000.webp
emerald_queen,1,H6,2026-05-16,eq-cam01-20260516-v001,2026-05-16T18:09:24.662000,2026-05-16T18:09:24.662000,0,1,2026-05-16T18:09:24.662000,cam01_20260516180924662000.webp
emerald_queen,1,H6,2026-05-17,eq-cam01-20260517-v001,2026-05-17T09:34:37.055000,2026-05-17T09:34:42.861000,5.806,8,2026-05-17T09:34:38.258000,cam01_20260517093438258000.webp
emerald_queen,1,H6,2026-05-17,eq-cam01-20260517-v002,2026-05-17T09:34:45.272000,2026-05-17T09:34:45.456000,0.184,2,2026-05-17T09:34:45.456000,cam01_20260517093445456000.webp
emerald_queen,1,H6,2026-05-17,eq-cam01-20260517-v003,2026-05-17T09:34:52.664000,2026-05-17T09:34:52.664000,0,1,2026-05-17T09:34:52.664000,cam01_20260517093452664000.webp
emerald_queen,12,G4,2026-05-17,eq-cam12-20260517-v001,2026-05-17T11:26:18.211000,2026-05-17T11:26:18.211000,0,1,2026-05-17T11:26:18.211000,cam12_20260517112618211000.webp
emerald_queen,18,F5,2026-05-17,eq-cam18-20260517-v001,2026-05-17T11:28:19.596000,2026-05-17T11:28:19.995000,0.399,2,2026-05-17T11:28:19.995000,cam18_20260517112819995000.webp
emerald_queen,18,F5,2026-05-17,eq-cam18-20260517-v002,2026-05-17T12:45:10.657000,2026-05-17T12:45:10.657000,0,1,2026-05-17T12:45:10.657000,cam18_20260517124510657000.webp
emerald_queen,14,F6,2026-05-17,eq-cam14-20260517-v001,2026-05-17T13:33:34.514000,2026-05-17T13:33:35.914000,1.4,2,2026-05-17T13:33:35.914000,cam14_20260517133335914000.webp
emerald_queen,2,G6,2026-05-17,eq-cam02-20260517-v001,2026-05-17T14:19:36.015000,2026-05-17T14:19:36.015000,0,1,2026-05-17T14:19:36.015000,cam02_20260517141936015000.webp
emerald_queen,5,F3,2026-05-17,eq-cam05-20260517-v001,2026-05-17T14:35:27.874000,2026-05-17T14:35:27.874000,0,1,2026-05-17T14:35:27.874000,cam05_20260517143527874000.webp
emerald_queen,5,F3,2026-05-17,eq-cam05-20260517-v002,2026-05-17T14:57:26.880000,2026-05-17T14:57:28.673000,1.793,3,2026-05-17T14:57:26.880000,cam05_20260517145726880000.webp
emerald_queen,6,I3,2026-05-17,eq-cam06-20260517-v001,2026-05-17T15:04:56.122000,2026-05-17T15:04:56.122000,0,1,2026-05-17T15:04:56.122000,cam06_20260517150456122000.webp
emerald_queen,1,H6,2026-05-17,eq-cam01-20260517-v004,2026-05-17T16:43:31.053000,2026-05-17T16:43:31.053000,0,1,2026-05-17T16:43:31.053000,cam01_20260517164331053000.webp
emerald_queen,18,F5,2026-05-17,eq-cam18-20260517-v003,2026-05-17T16:57:53.063000,2026-05-17T16:57:53.063000,0,1,2026-05-17T16:57:53.063000,cam18_20260517165753063000.webp
emerald_queen,12,G4,2026-05-17,eq-cam12-20260517-v002,2026-05-17T17:11:16.679000,2026-05-17T17:11:17.279000,0.6,3,2026-05-17T17:11:16.679000,cam12_20260517171116679000.webp
emerald_queen,14,F6,2026-05-17,eq-cam14-20260517-v002,2026-05-17T17:40:34.297000,2026-05-17T17:40:34.297000,0,1,2026-05-17T17:40:34.297000,cam14_20260517174034297000.webp
emerald_queen,1,H6,2026-05-17,eq-cam01-20260517-v005,2026-05-17T18:31:39.853000,2026-05-17T18:31:39.853000,0,1,2026-05-17T18:31:39.853000,cam01_20260517183139853000.webp
emerald_queen,18,F5,2026-05-18,eq-cam18-20260518-v001,2026-05-18T08:51:04.321000,2026-05-18T08:51:04.321000,0,1,2026-05-18T08:51:04.321000,cam18_20260518085104321000.webp
emerald_queen,1,H6,2026-05-18,eq-cam01-20260518-v001,2026-05-18T09:18:47.181000,2026-05-18T09:18:47.181000,0,1,2026-05-18T09:18:47.181000,cam01_20260518091847181000.webp
emerald_queen,1,H6,2026-05-18,eq-cam01-20260518-v002,2026-05-18T09:58:08.141000,2026-05-18T09:58:08.543000,0.402,2,2026-05-18T09:58:08.543000,cam01_20260518095808543000.webp
emerald_queen,16,I5,2026-05-18,eq-cam16-20260518-v001,2026-05-18T09:59:30.877000,2026-05-18T09:59:34.084000,3.207,5,2026-05-18T09:59:34.084000,cam16_20260518095934084000.webp
emerald_queen,16,I5,2026-05-18,eq-cam16-20260518-v002,2026-05-18T09:59:36.283000,2026-05-18T09:59:38.878000,2.595,5,2026-05-18T09:59:38.878000,cam16_20260518095938878000.webp
emerald_queen,16,I5,2026-05-18,eq-cam16-20260518-v003,2026-05-18T09:59:52.687000,2026-05-18T09:59:52.687000,0,1,2026-05-18T09:59:52.687000,cam16_20260518095952687000.webp
emerald_queen,16,I5,2026-05-18,eq-cam16-20260518-v004,2026-05-18T09:59:58.684000,2026-05-18T09:59:58.684000,0,1,2026-05-18T09:59:58.684000,cam16_20260518095958684000.webp
emerald_queen,16,I5,2026-05-18,eq-cam16-20260518-v005,2026-05-18T10:00:12.882000,2026-05-18T10:00:13.084000,0.202,2,2026-05-18T10:00:12.882000,cam16_20260518100012882000.webp
emerald_queen,1,H6,2026-05-18,eq-cam01-20260518-v003,2026-05-18T10:20:51.356000,2026-05-18T10:20:51.356000,0,1,2026-05-18T10:20:51.356000,cam01_20260518102051356000.webp
emerald_queen,1,H6,2026-05-18,eq-cam01-20260518-v004,2026-05-18T10:20:54.581000,2026-05-18T10:20:57.967000,3.386,6,2026-05-18T10:20:54.581000,cam01_20260518102054581000.webp
emerald_queen,4,G5,2026-05-18,eq-cam04-20260518-v001,2026-05-18T10:59:32.473000,2026-05-18T10:59:32.473000,0,1,2026-05-18T10:59:32.473000,cam04_20260518105932473000.webp
emerald_queen,4,G5,2026-05-18,eq-cam04-20260518-v002,2026-05-18T11:22:54.105000,2026-05-18T11:22:54.105000,0,1,2026-05-18T11:22:54.105000,cam04_20260518112254105000.webp
emerald_queen,4,G5,2026-05-18,eq-cam04-20260518-v003,2026-05-18T11:28:56.542000,2026-05-18T11:28:56.740000,0.198,2,2026-05-18T11:28:56.542000,cam04_20260518112856542000.webp
emerald_queen,4,G5,2026-05-18,eq-cam04-20260518-v004,2026-05-18T11:28:58.746000,2026-05-18T11:28:58.746000,0,1,2026-05-18T11:28:58.746000,cam04_20260518112858746000.webp
emerald_queen,4,G5,2026-05-18,eq-cam04-20260518-v005,2026-05-18T11:29:08.156000,2026-05-18T11:29:08.156000,0,1,2026-05-18T11:29:08.156000,cam04_20260518112908156000.webp
emerald_queen,1,H6,2026-05-18,eq-cam01-20260518-v005,2026-05-18T11:29:09.196000,2026-05-18T11:29:09.196000,0,1,2026-05-18T11:29:09.196000,cam01_20260518112909196000.webp
emerald_queen,12,G4,2026-05-18,eq-cam12-20260518-v001,2026-05-18T13:10:25.119000,2026-05-18T13:10:25.119000,0,1,2026-05-18T13:10:25.119000,cam12_20260518131025119000.webp
emerald_queen,12,G4,2026-05-18,eq-cam12-20260518-v002,2026-05-18T13:10:27.319000,2026-05-18T13:10:27.319000,0,1,2026-05-18T13:10:27.319000,cam12_20260518131027319000.webp
emerald_queen,1,H6,2026-05-18,eq-cam01-20260518-v006,2026-05-18T16:02:31.011000,2026-05-18T16:02:31.011000,0,1,2026-05-18T16:02:31.011000,cam01_20260518160231011000.webp
emerald_queen,8,J3,2026-05-18,eq-cam08-20260518-v001,2026-05-18T16:05:28.134000,2026-05-18T16:05:28.134000,0,1,2026-05-18T16:05:28.134000,cam08_20260518160528134000.webp
emerald_queen,18,F5,2026-05-18,eq-cam18-20260518-v002,2026-05-18T16:08:48.097000,2026-05-18T16:08:48.097000,0,1,2026-05-18T16:08:48.097000,cam18_20260518160848097000.webp
emerald_queen,1,H6,2026-05-18,eq-cam01-20260518-v007,2026-05-18T16:10:13.081000,2026-05-18T16:10:13.675000,0.594,3,2026-05-18T16:10:13.480000,cam01_20260518161013480000.webp
emerald_queen,1,H6,2026-05-18,eq-cam01-20260518-v008,2026-05-18T16:10:18.077000,2026-05-18T16:10:18.077000,0,1,2026-05-18T16:10:18.077000,cam01_20260518161018077000.webp
emerald_queen,2,G6,2026-05-18,eq-cam02-20260518-v001,2026-05-18T16:17:24.970000,2026-05-18T16:17:24.970000,0,1,2026-05-18T16:17:24.970000,cam02_20260518161724970000.webp
emerald_queen,12,G4,2026-05-18,eq-cam12-20260518-v003,2026-05-18T18:12:10.811000,2026-05-18T18:12:10.811000,0,1,2026-05-18T18:12:10.811000,cam12_20260518181210811000.webp
emerald_queen,1,H6,2026-05-19,eq-cam01-20260519-v001,2026-05-19T08:32:35.472000,2026-05-19T08:32:35.472000,0,1,2026-05-19T08:32:35.472000,cam01_20260519083235472000.webp
emerald_queen,1,H6,2026-05-19,eq-cam01-20260519-v002,2026-05-19T08:36:05.113000,2026-05-19T08:36:05.113000,0,1,2026-05-19T08:36:05.113000,cam01_20260519083605113000.webp
emerald_queen,1,H6,2026-05-19,eq-cam01-20260519-v003,2026-05-19T08:36:09.107000,2026-05-19T08:36:09.107000,0,1,2026-05-19T08:36:09.107000,cam01_20260519083609107000.webp
emerald_queen,1,H6,2026-05-19,eq-cam01-20260519-v004,2026-05-19T08:56:36.893000,2026-05-19T08:56:36.893000,0,1,2026-05-19T08:56:36.893000,cam01_20260519085636893000.webp
emerald_queen,1,H6,2026-05-19,eq-cam01-20260519-v005,2026-05-19T09:43:55.138000,2026-05-19T09:44:02.737000,7.599,11,2026-05-19T09:44:01.136000,cam01_20260519094401136000.webp
emerald_queen,1,H6,2026-05-19,eq-cam01-20260519-v006,2026-05-19T09:44:25.138000,2026-05-19T09:44:25.138000,0,1,2026-05-19T09:44:25.138000,cam01_20260519094425138000.webp
emerald_queen,1,H6,2026-05-19,eq-cam01-20260519-v007,2026-05-19T09:45:16.345000,2026-05-19T09:45:22.150000,5.805,10,2026-05-19T09:45:16.749000,cam01_20260519094516749000.webp
emerald_queen,1,H6,2026-05-19,eq-cam01-20260519-v008,2026-05-19T09:47:32.575000,2026-05-19T09:47:37.770000,5.195,10,2026-05-19T09:47:33.368000,cam01_20260519094733368000.webp
emerald_queen,4,G5,2026-05-19,eq-cam04-20260519-v001,2026-05-19T10:37:38.896000,2026-05-19T10:37:42.296000,3.4,6,2026-05-19T10:37:38.896000,cam04_20260519103738896000.webp
emerald_queen,4,G5,2026-05-19,eq-cam04-20260519-v002,2026-05-19T10:38:12.506000,2026-05-19T10:38:14.702000,2.196,3,2026-05-19T10:38:12.506000,cam04_20260519103812506000.webp
emerald_queen,4,G5,2026-05-19,eq-cam04-20260519-v003,2026-05-19T10:38:19.903000,2026-05-19T10:38:22.304000,2.401,3,2026-05-19T10:38:21.101000,cam04_20260519103821101000.webp
emerald_queen,4,G5,2026-05-19,eq-cam04-20260519-v004,2026-05-19T10:38:25.900000,2026-05-19T10:38:27.507000,1.607,2,2026-05-19T10:38:27.507000,cam04_20260519103827507000.webp
emerald_queen,4,G5,2026-05-19,eq-cam04-20260519-v005,2026-05-19T10:38:30.100000,2026-05-19T10:38:31.903000,1.803,5,2026-05-19T10:38:30.504000,cam04_20260519103830504000.webp
emerald_queen,4,G5,2026-05-19,eq-cam04-20260519-v006,2026-05-19T10:59:45.894000,2026-05-19T10:59:45.894000,0,1,2026-05-19T10:59:45.894000,cam04_20260519105945894000.webp
emerald_queen,2,G6,2026-05-19,eq-cam02-20260519-v001,2026-05-19T11:08:52.573000,2026-05-19T11:08:53.365000,0.792,2,2026-05-19T11:08:52.573000,cam02_20260519110852573000.webp
emerald_queen,4,G5,2026-05-19,eq-cam04-20260519-v007,2026-05-19T11:15:52.446000,2026-05-19T11:15:52.840000,0.394,2,2026-05-19T11:15:52.446000,cam04_20260519111552446000.webp
emerald_queen,4,G5,2026-05-19,eq-cam04-20260519-v008,2026-05-19T11:15:55.838000,2026-05-19T11:15:56.640000,0.802,2,2026-05-19T11:15:55.838000,cam04_20260519111555838000.webp
emerald_queen,4,G5,2026-05-19,eq-cam04-20260519-v009,2026-05-19T11:16:07.044000,2026-05-19T11:16:07.044000,0,1,2026-05-19T11:16:07.044000,cam04_20260519111607044000.webp
emerald_queen,8,J3,2026-05-19,eq-cam08-20260519-v001,2026-05-19T11:18:49.964000,2026-05-19T11:18:49.964000,0,1,2026-05-19T11:18:49.964000,cam08_20260519111849964000.webp
emerald_queen,4,G5,2026-05-19,eq-cam04-20260519-v010,2026-05-19T11:24:11.914000,2026-05-19T11:24:17.927000,6.013,5,2026-05-19T11:24:12.718000,cam04_20260519112412718000.webp
emerald_queen,4,G5,2026-05-19,eq-cam04-20260519-v011,2026-05-19T11:24:53.918000,2026-05-19T11:24:53.918000,0,1,2026-05-19T11:24:53.918000,cam04_20260519112453918000.webp
emerald_queen,1,H6,2026-05-19,eq-cam01-20260519-v009,2026-05-19T12:42:18.798000,2026-05-19T12:42:18.798000,0,1,2026-05-19T12:42:18.798000,cam01_20260519124218798000.webp
emerald_queen,6,I3,2026-05-19,eq-cam06-20260519-v001,2026-05-19T13:11:55.541000,2026-05-19T13:11:55.938000,0.397,2,2026-05-19T13:11:55.541000,cam06_20260519131155541000.webp
emerald_queen,6,I3,2026-05-19,eq-cam06-20260519-v002,2026-05-19T13:12:08.338000,2026-05-19T13:12:08.338000,0,1,2026-05-19T13:12:08.338000,cam06_20260519131208338000.webp
emerald_queen,1,H6,2026-05-20,eq-cam01-20260520-v001,2026-05-20T06:51:11.256000,2026-05-20T06:51:11.256000,0,1,2026-05-20T06:51:11.256000,cam01_20260520065111256000.webp
emerald_queen,4,G5,2026-05-20,eq-cam04-20260520-v001,2026-05-20T09:21:13.237000,2026-05-20T09:21:13.427000,0.19,2,2026-05-20T09:21:13.237000,cam04_20260520092113237000.webp
emerald_queen,5,F3,2026-05-20,eq-cam05-20260520-v001,2026-05-20T10:08:58.046000,2026-05-20T10:08:58.046000,0,1,2026-05-20T10:08:58.046000,cam05_20260520100858046000.webp
emerald_queen,10,J4,2026-05-20,eq-cam10-20260520-v001,2026-05-20T10:28:20.744000,2026-05-20T10:28:21.944000,1.2,3,2026-05-20T10:28:21.944000,cam10_20260520102821944000.webp
emerald_queen,2,G6,2026-05-20,eq-cam02-20260520-v001,2026-05-20T10:30:35.387000,2026-05-20T10:30:35.387000,0,1,2026-05-20T10:30:35.387000,cam02_20260520103035387000.webp
emerald_queen,1,H6,2026-05-20,eq-cam01-20260520-v002,2026-05-20T10:31:11.008000,2026-05-20T10:31:11.008000,0,1,2026-05-20T10:31:11.008000,cam01_20260520103111008000.webp
emerald_queen,1,H6,2026-05-20,eq-cam01-20260520-v003,2026-05-20T10:54:13.618000,2026-05-20T10:54:13.618000,0,1,2026-05-20T10:54:13.618000,cam01_20260520105413618000.webp
emerald_queen,6,I3,2026-05-20,eq-cam06-20260520-v001,2026-05-20T10:59:28.913000,2026-05-20T10:59:28.913000,0,1,2026-05-20T10:59:28.913000,cam06_20260520105928913000.webp
emerald_queen,4,G5,2026-05-20,eq-cam04-20260520-v002,2026-05-20T11:25:43.758000,2026-05-20T11:25:43.758000,0,1,2026-05-20T11:25:43.758000,cam04_20260520112543758000.webp
emerald_queen,2,G6,2026-05-20,eq-cam02-20260520-v002,2026-05-20T11:34:56.768000,2026-05-20T11:34:56.768000,0,1,2026-05-20T11:34:56.768000,cam02_20260520113456768000.webp
emerald_queen,4,G5,2026-05-20,eq-cam04-20260520-v003,2026-05-20T11:40:01.682000,2026-05-20T11:40:03.276000,1.594,2,2026-05-20T11:40:01.682000,cam04_20260520114001682000.webp
emerald_queen,4,G5,2026-05-20,eq-cam04-20260520-v004,2026-05-20T12:03:55.699000,2026-05-20T12:03:56.891000,1.192,3,2026-05-20T12:03:56.891000,cam04_20260520120356891000.webp
emerald_queen,4,G5,2026-05-20,eq-cam04-20260520-v005,2026-05-20T12:03:59.292000,2026-05-20T12:03:59.292000,0,1,2026-05-20T12:03:59.292000,cam04_20260520120359292000.webp
emerald_queen,4,G5,2026-05-20,eq-cam04-20260520-v006,2026-05-20T12:04:04.691000,2026-05-20T12:04:04.691000,0,1,2026-05-20T12:04:04.691000,cam04_20260520120404691000.webp
emerald_queen,12,G4,2026-05-20,eq-cam12-20260520-v001,2026-05-20T13:02:43.634000,2026-05-20T13:02:43.634000,0,1,2026-05-20T13:02:43.634000,cam12_20260520130243634000.webp
emerald_queen,12,G4,2026-05-20,eq-cam12-20260520-v002,2026-05-20T14:37:32.697000,2026-05-20T14:37:32.697000,0,1,2026-05-20T14:37:32.697000,cam12_20260520143732697000.webp
emerald_queen,19,F5,2026-05-20,eq-cam19-20260520-v001,2026-05-20T16:33:00.322000,2026-05-20T16:33:02.086000,1.764,7,2026-05-20T16:33:00.692000,cam19_20260520163300692000.webp
emerald_queen,19,F5,2026-05-20,eq-cam19-20260520-v002,2026-05-20T16:33:05.286000,2026-05-20T16:33:05.489000,0.203,2,2026-05-20T16:33:05.286000,cam19_20260520163305286000.webp
emerald_queen,5,F3,2026-05-20,eq-cam05-20260520-v002,2026-05-20T16:44:57.592000,2026-05-20T16:44:57.592000,0,1,2026-05-20T16:44:57.592000,cam05_20260520164457592000.webp
emerald_queen,5,F3,2026-05-20,eq-cam05-20260520-v003,2026-05-20T17:57:58.051000,2026-05-20T17:57:58.051000,0,1,2026-05-20T17:57:58.051000,cam05_20260520175758051000.webp
emerald_queen,19,F5,2026-05-21,eq-cam19-20260521-v001,2026-05-21T07:39:32.577000,2026-05-21T07:39:32.962000,0.385,2,2026-05-21T07:39:32.577000,cam19_20260521073932577000.webp
emerald_queen,14,F6,2026-05-21,eq-cam14-20260521-v001,2026-05-21T08:34:14.073000,2026-05-21T08:34:14.073000,0,1,2026-05-21T08:34:14.073000,cam14_20260521083414073000.webp
emerald_queen,1,H6,2026-05-21,eq-cam01-20260521-v001,2026-05-21T09:49:18.440000,2026-05-21T09:49:18.440000,0,1,2026-05-21T09:49:18.440000,cam01_20260521094918440000.webp
emerald_queen,6,I3,2026-05-21,eq-cam06-20260521-v001,2026-05-21T10:20:30.133000,2026-05-21T10:20:30.326000,0.193,2,2026-05-21T10:20:30.326000,cam06_20260521102030326000.webp
emerald_queen,1,H6,2026-05-21,eq-cam01-20260521-v002,2026-05-21T11:22:21.897000,2026-05-21T11:22:21.897000,0,1,2026-05-21T11:22:21.897000,cam01_20260521112221897000.webp
emerald_queen,1,H6,2026-05-21,eq-cam01-20260521-v003,2026-05-21T11:22:24.499000,2026-05-21T11:22:25.901000,1.402,4,2026-05-21T11:22:24.499000,cam01_20260521112224499000.webp
emerald_queen,19,F5,2026-05-21,eq-cam19-20260521-v002,2026-05-21T12:13:52.726000,2026-05-21T12:13:53.119000,0.393,3,2026-05-21T12:13:52.924000,cam19_20260521121352924000.webp
emerald_queen,2,G6,2026-05-21,eq-cam02-20260521-v001,2026-05-21T12:38:09.775000,2026-05-21T12:38:09.775000,0,1,2026-05-21T12:38:09.775000,cam02_20260521123809775000.webp
emerald_queen,2,G6,2026-05-21,eq-cam02-20260521-v002,2026-05-21T12:38:31.980000,2026-05-21T12:38:33.581000,1.601,6,2026-05-21T12:38:33.581000,cam02_20260521123833581000.webp
emerald_queen,5,F3,2026-05-21,eq-cam05-20260521-v001,2026-05-21T13:39:25.332000,2026-05-21T13:39:25.332000,0,1,2026-05-21T13:39:25.332000,cam05_20260521133925332000.webp
emerald_queen,5,F3,2026-05-21,eq-cam05-20260521-v002,2026-05-21T14:53:32.204000,2026-05-21T14:53:32.405000,0.201,2,2026-05-21T14:53:32.405000,cam05_20260521145332405000.webp
emerald_queen,12,G4,2026-05-21,eq-cam12-20260521-v001,2026-05-21T17:59:34.824000,2026-05-21T17:59:35.025000,0.201,2,2026-05-21T17:59:35.025000,cam12_20260521175935025000.webp
emerald_queen,4,G5,2026-05-21,eq-cam04-20260521-v001,2026-05-21T18:09:10.346000,2026-05-21T18:09:10.346000,0,1,2026-05-21T18:09:10.346000,cam04_20260521180910346000.webp
emerald_queen,2,G6,2026-05-22,eq-cam02-20260522-v001,2026-05-22T06:56:00.679000,2026-05-22T06:56:00.679000,0,1,2026-05-22T06:56:00.679000,cam02_20260522065600679000.webp
emerald_queen,12,G4,2026-05-22,eq-cam12-20260522-v001,2026-05-22T07:11:28.031000,2026-05-22T07:11:28.031000,0,1,2026-05-22T07:11:28.031000,cam12_20260522071128031000.webp
emerald_queen,11,G3,2026-05-22,eq-cam11-20260522-v001,2026-05-22T07:30:47.404000,2026-05-22T07:30:50.033000,2.629,3,2026-05-22T07:30:50.033000,cam11_20260522073050033000.webp
emerald_queen,2,G6,2026-05-22,eq-cam02-20260522-v002,2026-05-22T08:06:12.474000,2026-05-22T08:06:12.474000,0,1,2026-05-22T08:06:12.474000,cam02_20260522080612474000.webp
emerald_queen,1,H6,2026-05-22,eq-cam01-20260522-v001,2026-05-22T08:16:32.354000,2026-05-22T08:16:32.354000,0,1,2026-05-22T08:16:32.354000,cam01_20260522081632354000.webp
emerald_queen,1,H6,2026-05-22,eq-cam01-20260522-v002,2026-05-22T09:21:27.556000,2026-05-22T09:21:27.959000,0.403,3,2026-05-22T09:21:27.556000,cam01_20260522092127556000.webp
emerald_queen,1,H6,2026-05-22,eq-cam01-20260522-v003,2026-05-22T09:42:07.355000,2026-05-22T09:42:07.355000,0,1,2026-05-22T09:42:07.355000,cam01_20260522094207355000.webp
emerald_queen,12,G4,2026-05-22,eq-cam12-20260522-v002,2026-05-22T09:47:01.416000,2026-05-22T09:47:01.416000,0,1,2026-05-22T09:47:01.416000,cam12_20260522094701416000.webp
emerald_queen,1,H6,2026-05-22,eq-cam01-20260522-v004,2026-05-22T09:47:35.006000,2026-05-22T09:47:37.401000,2.395,4,2026-05-22T09:47:37.401000,cam01_20260522094737401000.webp
emerald_queen,4,G5,2026-05-22,eq-cam04-20260522-v001,2026-05-22T10:01:26.511000,2026-05-22T10:01:26.511000,0,1,2026-05-22T10:01:26.511000,cam04_20260522100126511000.webp
emerald_queen,4,G5,2026-05-22,eq-cam04-20260522-v002,2026-05-22T10:01:49.316000,2026-05-22T10:01:49.316000,0,1,2026-05-22T10:01:49.316000,cam04_20260522100149316000.webp
emerald_queen,4,G5,2026-05-22,eq-cam04-20260522-v003,2026-05-22T10:01:52.331000,2026-05-22T10:01:53.119000,0.788,3,2026-05-22T10:01:53.119000,cam04_20260522100153119000.webp
emerald_queen,4,G5,2026-05-22,eq-cam04-20260522-v004,2026-05-22T10:02:27.124000,2026-05-22T10:02:27.124000,0,1,2026-05-22T10:02:27.124000,cam04_20260522100227124000.webp
emerald_queen,1,H6,2026-05-22,eq-cam01-20260522-v005,2026-05-22T10:10:57.819000,2026-05-22T10:10:58.023000,0.204,2,2026-05-22T10:10:57.819000,cam01_20260522101057819000.webp
emerald_queen,4,G5,2026-05-22,eq-cam04-20260522-v005,2026-05-22T10:18:58.670000,2026-05-22T10:18:58.670000,0,1,2026-05-22T10:18:58.670000,cam04_20260522101858670000.webp
emerald_queen,16,I5,2026-05-22,eq-cam16-20260522-v001,2026-05-22T10:28:44.503000,2026-05-22T10:28:45.703000,1.2,3,2026-05-22T10:28:45.703000,cam16_20260522102845703000.webp
emerald_queen,2,G6,2026-05-22,eq-cam02-20260522-v003,2026-05-22T11:46:03.842000,2026-05-22T11:46:04.442000,0.6,2,2026-05-22T11:46:04.442000,cam02_20260522114604442000.webp
emerald_queen,2,G6,2026-05-22,eq-cam02-20260522-v004,2026-05-22T12:04:01.011000,2026-05-22T12:04:01.011000,0,1,2026-05-22T12:04:01.011000,cam02_20260522120401011000.webp
emerald_queen,2,G6,2026-05-22,eq-cam02-20260522-v005,2026-05-22T12:07:40.039000,2026-05-22T12:07:40.241000,0.202,2,2026-05-22T12:07:40.039000,cam02_20260522120740039000.webp
emerald_queen,19,F5,2026-05-22,eq-cam19-20260522-v001,2026-05-22T12:13:04.388000,2026-05-22T12:13:05.784000,1.396,6,2026-05-22T12:13:05.384000,cam19_20260522121305384000.webp
emerald_queen,19,F5,2026-05-22,eq-cam19-20260522-v002,2026-05-22T12:13:14.183000,2026-05-22T12:13:15.186000,1.003,5,2026-05-22T12:13:14.784000,cam19_20260522121314784000.webp
emerald_queen,14,F6,2026-05-22,eq-cam14-20260522-v001,2026-05-22T14:26:29.565000,2026-05-22T14:26:35.366000,5.801,15,2026-05-22T14:26:35.366000,cam14_20260522142635366000.webp
emerald_queen,14,F6,2026-05-22,eq-cam14-20260522-v002,2026-05-22T14:26:39.771000,2026-05-22T14:26:42.565000,2.794,9,2026-05-22T14:26:40.768000,cam14_20260522142640768000.webp
emerald_queen,12,G4,2026-05-22,eq-cam12-20260522-v003,2026-05-22T15:33:22.538000,2026-05-22T15:33:22.538000,0,1,2026-05-22T15:33:22.538000,cam12_20260522153322538000.webp
emerald_queen,12,G4,2026-05-22,eq-cam12-20260522-v004,2026-05-22T15:57:25.572000,2026-05-22T15:57:27.943000,2.371,4,2026-05-22T15:57:27.943000,cam12_20260522155727943000.webp
emerald_queen,12,G4,2026-05-22,eq-cam12-20260522-v005,2026-05-22T15:58:31.352000,2026-05-22T15:58:31.551000,0.199,2,2026-05-22T15:58:31.551000,cam12_20260522155831551000.webp
emerald_queen,12,G4,2026-05-22,eq-cam12-20260522-v006,2026-05-22T16:04:58.010000,2026-05-22T16:05:01.615000,3.605,5,2026-05-22T16:05:01.615000,cam12_20260522160501615000.webp
emerald_queen,12,G4,2026-05-22,eq-cam12-20260522-v007,2026-05-22T17:18:18.671000,2026-05-22T17:18:18.866000,0.195,2,2026-05-22T17:18:18.671000,cam12_20260522171818671000.webp
emerald_queen,12,G4,2026-05-22,eq-cam12-20260522-v008,2026-05-22T17:18:28.670000,2026-05-22T17:18:28.670000,0,1,2026-05-22T17:18:28.670000,cam12_20260522171828670000.webp
emerald_queen,13,F4,2026-05-22,eq-cam13-20260522-v001,2026-05-22T19:19:13.880000,2026-05-22T19:19:13.880000,0,1,2026-05-22T19:19:13.880000,cam13_20260522191913880000.webp
emerald_queen,19,F5,2026-05-23,eq-cam19-20260523-v001,2026-05-23T07:14:05.404000,2026-05-23T07:14:05.404000,0,1,2026-05-23T07:14:05.404000,cam19_20260523071405404000.webp
emerald_queen,4,G5,2026-05-23,eq-cam04-20260523-v001,2026-05-23T07:40:52.071000,2026-05-23T07:40:53.251000,1.18,3,2026-05-23T07:40:53.251000,cam04_20260523074053251000.webp
emerald_queen,4,G5,2026-05-23,eq-cam04-20260523-v002,2026-05-23T07:45:04.080000,2026-05-23T07:45:04.080000,0,1,2026-05-23T07:45:04.080000,cam04_20260523074504080000.webp
emerald_queen,16,I5,2026-05-23,eq-cam16-20260523-v001,2026-05-23T08:58:33.028000,2026-05-23T08:58:33.028000,0,1,2026-05-23T08:58:33.028000,cam16_20260523085833028000.webp
emerald_queen,10,J4,2026-05-23,eq-cam10-20260523-v001,2026-05-23T09:15:15.678000,2026-05-23T09:15:15.678000,0,1,2026-05-23T09:15:15.678000,cam10_20260523091515678000.webp
emerald_queen,12,G4,2026-05-23,eq-cam12-20260523-v001,2026-05-23T09:49:44.567000,2026-05-23T09:49:44.567000,0,1,2026-05-23T09:49:44.567000,cam12_20260523094944567000.webp
emerald_queen,12,G4,2026-05-23,eq-cam12-20260523-v002,2026-05-23T09:50:47.178000,2026-05-23T09:50:48.405000,1.227,3,2026-05-23T09:50:48.405000,cam12_20260523095048405000.webp
emerald_queen,10,J4,2026-05-23,eq-cam10-20260523-v002,2026-05-23T10:00:40.503000,2026-05-23T10:00:41.296000,0.793,2,2026-05-23T10:00:40.503000,cam10_20260523100040503000.webp
emerald_queen,15,H5,2026-05-23,eq-cam15-20260523-v001,2026-05-23T10:07:03.245000,2026-05-23T10:07:03.245000,0,1,2026-05-23T10:07:03.245000,cam15_20260523100703245000.webp
emerald_queen,3,J5,2026-05-23,eq-cam03-20260523-v001,2026-05-23T10:12:06.522000,2026-05-23T10:12:07.322000,0.8,2,2026-05-23T10:12:06.522000,cam03_20260523101206522000.webp
emerald_queen,15,H5,2026-05-23,eq-cam15-20260523-v002,2026-05-23T10:21:38.963000,2026-05-23T10:21:38.963000,0,1,2026-05-23T10:21:38.963000,cam15_20260523102138963000.webp
emerald_queen,1,H6,2026-05-23,eq-cam01-20260523-v001,2026-05-23T10:21:41.100000,2026-05-23T10:21:41.100000,0,1,2026-05-23T10:21:41.100000,cam01_20260523102141100000.webp
emerald_queen,13,F4,2026-05-23,eq-cam13-20260523-v001,2026-05-23T10:58:55.127000,2026-05-23T10:58:55.127000,0,1,2026-05-23T10:58:55.127000,cam13_20260523105855127000.webp
emerald_queen,12,G4,2026-05-23,eq-cam12-20260523-v003,2026-05-23T11:10:47.899000,2026-05-23T11:10:47.899000,0,1,2026-05-23T11:10:47.899000,cam12_20260523111047899000.webp
emerald_queen,2,G6,2026-05-23,eq-cam02-20260523-v001,2026-05-23T13:34:06.650000,2026-05-23T13:34:07.050000,0.4,2,2026-05-23T13:34:07.050000,cam02_20260523133407050000.webp
emerald_queen,2,G6,2026-05-23,eq-cam02-20260523-v002,2026-05-23T13:34:11.665000,2026-05-23T13:34:12.257000,0.592,2,2026-05-23T13:34:12.257000,cam02_20260523133412257000.webp
emerald_queen,2,G6,2026-05-23,eq-cam02-20260523-v003,2026-05-23T13:34:15.655000,2026-05-23T13:34:16.053000,0.398,2,2026-05-23T13:34:15.655000,cam02_20260523133415655000.webp
emerald_queen,2,G6,2026-05-23,eq-cam02-20260523-v004,2026-05-23T13:34:21.860000,2026-05-23T13:34:22.653000,0.793,3,2026-05-23T13:34:21.860000,cam02_20260523133421860000.webp
emerald_queen,2,G6,2026-05-23,eq-cam02-20260523-v005,2026-05-23T16:00:41.567000,2026-05-23T16:00:41.965000,0.398,2,2026-05-23T16:00:41.567000,cam02_20260523160041567000.webp
emerald_queen,2,G6,2026-05-23,eq-cam02-20260523-v006,2026-05-23T16:00:43.966000,2026-05-23T16:00:45.964000,1.998,3,2026-05-23T16:00:43.966000,cam02_20260523160043966000.webp
emerald_queen,2,G6,2026-05-23,eq-cam02-20260523-v007,2026-05-23T16:00:54.167000,2026-05-23T16:00:54.568000,0.401,2,2026-05-23T16:00:54.167000,cam02_20260523160054167000.webp
emerald_queen,12,G4,2026-05-23,eq-cam12-20260523-v004,2026-05-23T16:05:40.148000,2026-05-23T16:05:41.548000,1.4,2,2026-05-23T16:05:41.548000,cam12_20260523160541548000.webp
emerald_queen,3,J5,2026-05-23,eq-cam03-20260523-v002,2026-05-23T16:13:53.927000,2026-05-23T16:13:53.927000,0,1,2026-05-23T16:13:53.927000,cam03_20260523161353927000.webp
emerald_queen,12,G4,2026-05-23,eq-cam12-20260523-v005,2026-05-23T17:19:36.208000,2026-05-23T17:19:36.208000,0,1,2026-05-23T17:19:36.208000,cam12_20260523171936208000.webp
emerald_queen,12,G4,2026-05-23,eq-cam12-20260523-v006,2026-05-23T17:19:39.811000,2026-05-23T17:19:39.811000,0,1,2026-05-23T17:19:39.811000,cam12_20260523171939811000.webp
emerald_queen,4,G5,2026-05-24,eq-cam04-20260524-v001,2026-05-24T08:17:29.004000,2026-05-24T08:17:29.004000,0,1,2026-05-24T08:17:29.004000,cam04_20260524081729004000.webp
emerald_queen,4,G5,2026-05-24,eq-cam04-20260524-v002,2026-05-24T08:51:28.699000,2026-05-24T08:51:29.104000,0.405,2,2026-05-24T08:51:29.104000,cam04_20260524085129104000.webp
emerald_queen,15,H5,2026-05-24,eq-cam15-20260524-v001,2026-05-24T08:53:37.368000,2026-05-24T08:53:37.784000,0.416,2,2026-05-24T08:53:37.368000,cam15_20260524085337368000.webp
emerald_queen,14,F6,2026-05-24,eq-cam14-20260524-v001,2026-05-24T08:57:09.678000,2026-05-24T08:57:10.091000,0.413,3,2026-05-24T08:57:10.091000,cam14_20260524085710091000.webp
emerald_queen,11,G3,2026-05-24,eq-cam11-20260524-v001,2026-05-24T09:13:24.919000,2026-05-24T09:13:26.124000,1.205,2,2026-05-24T09:13:24.919000,cam11_20260524091324919000.webp
emerald_queen,11,G3,2026-05-24,eq-cam11-20260524-v002,2026-05-24T09:14:32.534000,2026-05-24T09:14:32.534000,0,1,2026-05-24T09:14:32.534000,cam11_20260524091432534000.webp
emerald_queen,11,G3,2026-05-24,eq-cam11-20260524-v003,2026-05-24T09:14:42.528000,2026-05-24T09:14:43.730000,1.202,3,2026-05-24T09:14:43.730000,cam11_20260524091443730000.webp
emerald_queen,11,G3,2026-05-24,eq-cam11-20260524-v004,2026-05-24T09:14:50.732000,2026-05-24T09:14:52.332000,1.6,2,2026-05-24T09:14:52.332000,cam11_20260524091452332000.webp
emerald_queen,15,H5,2026-05-24,eq-cam15-20260524-v002,2026-05-24T10:05:15.607000,2026-05-24T10:05:16.998000,1.391,2,2026-05-24T10:05:16.998000,cam15_20260524100516998000.webp
emerald_queen,15,H5,2026-05-24,eq-cam15-20260524-v003,2026-05-24T10:05:19.004000,2026-05-24T10:05:19.004000,0,1,2026-05-24T10:05:19.004000,cam15_20260524100519004000.webp
emerald_queen,20,I4,2026-05-24,eq-cam20-20260524-v001,2026-05-24T10:15:03.606000,2026-05-24T10:15:03.606000,0,1,2026-05-24T10:15:03.606000,cam20_20260524101503606000.webp
emerald_queen,14,F6,2026-05-24,eq-cam14-20260524-v002,2026-05-24T10:19:03.003000,2026-05-24T10:19:03.003000,0,1,2026-05-24T10:19:03.003000,cam14_20260524101903003000.webp
emerald_queen,14,F6,2026-05-24,eq-cam14-20260524-v003,2026-05-24T10:29:27.901000,2026-05-24T10:29:28.295000,0.394,3,2026-05-24T10:29:28.295000,cam14_20260524102928295000.webp
emerald_queen,12,G4,2026-05-24,eq-cam12-20260524-v001,2026-05-24T10:55:21.555000,2026-05-24T10:55:21.555000,0,1,2026-05-24T10:55:21.555000,cam12_20260524105521555000.webp
emerald_queen,15,H5,2026-05-24,eq-cam15-20260524-v004,2026-05-24T11:48:15.501000,2026-05-24T11:48:16.710000,1.209,2,2026-05-24T11:48:15.501000,cam15_20260524114815501000.webp
emerald_queen,12,G4,2026-05-24,eq-cam12-20260524-v002,2026-05-24T11:54:03.264000,2026-05-24T11:54:03.661000,0.397,2,2026-05-24T11:54:03.661000,cam12_20260524115403661000.webp
emerald_queen,12,G4,2026-05-24,eq-cam12-20260524-v003,2026-05-24T11:54:05.662000,2026-05-24T11:54:07.059000,1.397,4,2026-05-24T11:54:06.861000,cam12_20260524115406861000.webp
emerald_queen,12,G4,2026-05-24,eq-cam12-20260524-v004,2026-05-24T11:54:09.462000,2026-05-24T11:54:09.462000,0,1,2026-05-24T11:54:09.462000,cam12_20260524115409462000.webp
emerald_queen,15,H5,2026-05-24,eq-cam15-20260524-v005,2026-05-24T12:09:54.488000,2026-05-24T12:09:54.488000,0,1,2026-05-24T12:09:54.488000,cam15_20260524120954488000.webp
emerald_queen,4,G5,2026-05-24,eq-cam04-20260524-v003,2026-05-24T12:19:58.382000,2026-05-24T12:19:58.576000,0.194,2,2026-05-24T12:19:58.382000,cam04_20260524121958382000.webp
emerald_queen,5,F3,2026-05-24,eq-cam05-20260524-v001,2026-05-24T14:59:38.985000,2026-05-24T14:59:38.985000,0,1,2026-05-24T14:59:38.985000,cam05_20260524145938985000.webp
emerald_queen,12,G4,2026-05-24,eq-cam12-20260524-v005,2026-05-24T16:05:45.127000,2026-05-24T16:05:45.127000,0,1,2026-05-24T16:05:45.127000,cam12_20260524160545127000.webp
emerald_queen,16,I5,2026-05-24,eq-cam16-20260524-v001,2026-05-24T16:44:53.268000,2026-05-24T16:44:53.268000,0,1,2026-05-24T16:44:53.268000,cam16_20260524164453268000.webp
emerald_queen,12,G4,2026-05-24,eq-cam12-20260524-v006,2026-05-24T16:53:57.768000,2026-05-24T16:53:57.768000,0,1,2026-05-24T16:53:57.768000,cam12_20260524165357768000.webp
emerald_queen,8,J3,2026-05-25,eq-cam08-20260525-v001,2026-05-25T10:04:26.699000,2026-05-25T10:04:26.699000,0,1,2026-05-25T10:04:26.699000,cam08_20260525100426699000.webp
emerald_queen,1,H6,2026-05-25,eq-cam01-20260525-v001,2026-05-25T10:14:36.066000,2026-05-25T10:14:36.066000,0,1,2026-05-25T10:14:36.066000,cam01_20260525101436066000.webp
emerald_queen,15,H5,2026-05-25,eq-cam15-20260525-v001,2026-05-25T11:45:50.292000,2026-05-25T11:45:50.292000,0,1,2026-05-25T11:45:50.292000,cam15_20260525114550292000.webp
emerald_queen,15,H5,2026-05-25,eq-cam15-20260525-v002,2026-05-25T12:00:41.621000,2026-05-25T12:00:41.831000,0.21,2,2026-05-25T12:00:41.831000,cam15_20260525120041831000.webp
emerald_queen,5,F3,2026-05-25,eq-cam05-20260525-v001,2026-05-25T12:14:14.126000,2026-05-25T12:14:14.126000,0,1,2026-05-25T12:14:14.126000,cam05_20260525121414126000.webp
emerald_queen,7,J6,2026-05-25,eq-cam07-20260525-v001,2026-05-25T14:06:55.216000,2026-05-25T14:06:55.216000,0,1,2026-05-25T14:06:55.216000,cam07_20260525140655216000.webp
emerald_queen,7,J6,2026-05-25,eq-cam07-20260525-v002,2026-05-25T14:06:57.819000,2026-05-25T14:06:58.621000,0.802,2,2026-05-25T14:06:57.819000,cam07_20260525140657819000.webp
emerald_queen,7,J6,2026-05-25,eq-cam07-20260525-v003,2026-05-25T14:07:02.021000,2026-05-25T14:07:02.021000,0,1,2026-05-25T14:07:02.021000,cam07_20260525140702021000.webp
emerald_queen,7,J6,2026-05-25,eq-cam07-20260525-v004,2026-05-25T14:07:38.237000,2026-05-25T14:07:38.237000,0,1,2026-05-25T14:07:38.237000,cam07_20260525140738237000.webp
emerald_queen,2,G6,2026-05-26,eq-cam02-20260526-v001,2026-05-26T08:18:08.924000,2026-05-26T08:18:08.924000,0,1,2026-05-26T08:18:08.924000,cam02_20260526081808924000.webp
emerald_queen,12,G4,2026-05-26,eq-cam12-20260526-v001,2026-05-26T10:48:37.380000,2026-05-26T10:48:37.380000,0,1,2026-05-26T10:48:37.380000,cam12_20260526104837380000.webp
emerald_queen,12,G4,2026-05-26,eq-cam12-20260526-v002,2026-05-26T11:16:48.426000,2026-05-26T11:16:50.632000,2.206,3,2026-05-26T11:16:49.429000,cam12_20260526111649429000.webp
emerald_queen,12,G4,2026-05-26,eq-cam12-20260526-v003,2026-05-26T11:16:54.232000,2026-05-26T11:16:54.232000,0,1,2026-05-26T11:16:54.232000,cam12_20260526111654232000.webp
emerald_queen,1,H6,2026-05-26,eq-cam01-20260526-v001,2026-05-26T11:50:44.086000,2026-05-26T11:50:44.086000,0,1,2026-05-26T11:50:44.086000,cam01_20260526115044086000.webp
emerald_queen,12,G4,2026-05-26,eq-cam12-20260526-v004,2026-05-26T13:13:56.467000,2026-05-26T13:13:56.467000,0,1,2026-05-26T13:13:56.467000,cam12_20260526131356467000.webp
emerald_queen,12,G4,2026-05-26,eq-cam12-20260526-v005,2026-05-26T13:13:59.870000,2026-05-26T13:13:59.870000,0,1,2026-05-26T13:13:59.870000,cam12_20260526131359870000.webp
emerald_queen,2,G6,2026-05-26,eq-cam02-20260526-v002,2026-05-26T13:37:49.148000,2026-05-26T13:37:50.141000,0.993,3,2026-05-26T13:37:49.148000,cam02_20260526133749148000.webp
emerald_queen,1,H6,2026-05-26,eq-cam01-20260526-v002,2026-05-26T13:55:06.032000,2026-05-26T13:55:06.032000,0,1,2026-05-26T13:55:06.032000,cam01_20260526135506032000.webp
emerald_queen,7,J6,2026-05-26,eq-cam07-20260526-v001,2026-05-26T14:00:40.173000,2026-05-26T14:00:40.173000,0,1,2026-05-26T14:00:40.173000,cam07_20260526140040173000.webp
emerald_queen,16,I5,2026-05-27,eq-cam16-20260527-v001,2026-05-27T13:02:43.393000,2026-05-27T13:02:43.812000,0.419,2,2026-05-27T13:02:43.393000,cam16_20260527130243393000.webp
emerald_queen,12,G4,2026-05-27,eq-cam12-20260527-v001,2026-05-27T14:54:20.272000,2026-05-27T14:54:20.272000,0,1,2026-05-27T14:54:20.272000,cam12_20260527145420272000.webp
emerald_queen,12,G4,2026-05-27,eq-cam12-20260527-v002,2026-05-27T14:54:22.673000,2026-05-27T14:54:24.672000,1.999,2,2026-05-27T14:54:22.673000,cam12_20260527145422673000.webp
emerald_queen,12,G4,2026-05-27,eq-cam12-20260527-v003,2026-05-27T14:55:03.881000,2026-05-27T14:55:03.881000,0,1,2026-05-27T14:55:03.881000,cam12_20260527145503881000.webp
emerald_queen,2,G6,2026-05-27,eq-cam02-20260527-v001,2026-05-27T19:08:51.616000,2026-05-27T19:08:51.616000,0,1,2026-05-27T19:08:51.616000,cam02_20260527190851616000.webp
emerald_queen,13,F4,2026-05-27,eq-cam13-20260527-v001,2026-05-27T19:16:36.912000,2026-05-27T19:16:36.912000,0,1,2026-05-27T19:16:36.912000,cam13_20260527191636912000.webp
emerald_queen,1,H6,2026-05-28,eq-cam01-20260528-v001,2026-05-28T09:16:49.025000,2026-05-28T09:16:52.623000,3.598,9,2026-05-28T09:16:49.025000,cam01_20260528091649025000.webp
emerald_queen,2,G6,2026-05-28,eq-cam02-20260528-v001,2026-05-28T09:47:18.310000,2026-05-28T09:47:18.310000,0,1,2026-05-28T09:47:18.310000,cam02_20260528094718310000.webp
emerald_queen,17,H4,2026-05-28,eq-cam17-20260528-v001,2026-05-28T11:28:04.784000,2026-05-28T11:28:04.784000,0,1,2026-05-28T11:28:04.784000,cam17_20260528112804784000.webp
emerald_queen,2,G6,2026-05-28,eq-cam02-20260528-v002,2026-05-28T12:38:38.251000,2026-05-28T12:38:38.647000,0.396,3,2026-05-28T12:38:38.647000,cam02_20260528123838647000.webp
emerald_queen,2,G6,2026-05-28,eq-cam02-20260528-v003,2026-05-28T12:58:18.424000,2026-05-28T12:58:21.226000,2.802,4,2026-05-28T12:58:18.424000,cam02_20260528125818424000.webp
emerald_queen,16,I5,2026-05-28,eq-cam16-20260528-v001,2026-05-28T15:26:25.170000,2026-05-28T15:26:26.163000,0.993,3,2026-05-28T15:26:25.362000,cam16_20260528152625362000.webp
emerald_queen,16,I5,2026-05-28,eq-cam16-20260528-v002,2026-05-28T15:26:28.175000,2026-05-28T15:26:28.363000,0.188,2,2026-05-28T15:26:28.175000,cam16_20260528152628175000.webp
emerald_queen,6,I3,2026-05-28,eq-cam06-20260528-v001,2026-05-28T16:34:22.800000,2026-05-28T16:34:23.205000,0.405,3,2026-05-28T16:34:22.800000,cam06_20260528163422800000.webp
emerald_queen,17,H4,2026-05-28,eq-cam17-20260528-v002,2026-05-28T16:36:24.274000,2026-05-28T16:36:24.274000,0,1,2026-05-28T16:36:24.274000,cam17_20260528163624274000.webp
emerald_queen,6,I3,2026-05-28,eq-cam06-20260528-v002,2026-05-28T16:39:51.256000,2026-05-28T16:39:51.850000,0.594,4,2026-05-28T16:39:51.256000,cam06_20260528163951256000.webp
emerald_queen,12,G4,2026-05-28,eq-cam12-20260528-v001,2026-05-28T17:59:56.332000,2026-05-28T17:59:56.332000,0,1,2026-05-28T17:59:56.332000,cam12_20260528175956332000.webp
emerald_queen,2,G6,2026-05-29,eq-cam02-20260529-v001,2026-05-29T12:55:56.201000,2026-05-29T12:55:56.201000,0,1,2026-05-29T12:55:56.201000,cam02_20260529125556201000.webp
emerald_queen,2,G6,2026-05-29,eq-cam02-20260529-v002,2026-05-29T12:59:09.825000,2026-05-29T12:59:13.226000,3.401,9,2026-05-29T12:59:10.231000,cam02_20260529125910231000.webp
emerald_queen,2,G6,2026-05-29,eq-cam02-20260529-v003,2026-05-29T13:14:51.177000,2026-05-29T13:14:51.177000,0,1,2026-05-29T13:14:51.177000,cam02_20260529131451177000.webp
emerald_queen,7,J6,2026-05-29,eq-cam07-20260529-v001,2026-05-29T14:13:43.812000,2026-05-29T14:13:43.812000,0,1,2026-05-29T14:13:43.812000,cam07_20260529141343812000.webp
emerald_queen,5,F3,2026-05-29,eq-cam05-20260529-v001,2026-05-29T18:21:42.110000,2026-05-29T18:21:42.110000,0,1,2026-05-29T18:21:42.110000,cam05_20260529182142110000.webp
emerald_queen,1,H6,2026-05-30,eq-cam01-20260530-v001,2026-05-30T11:22:06.374000,2026-05-30T11:22:06.374000,0,1,2026-05-30T11:22:06.374000,cam01_20260530112206374000.webp
emerald_queen,1,H6,2026-05-30,eq-cam01-20260530-v002,2026-05-30T14:15:10.988000,2026-05-30T14:15:14.991000,4.003,6,2026-05-30T14:15:10.988000,cam01_20260530141510988000.webp
emerald_queen,1,H6,2026-05-30,eq-cam01-20260530-v003,2026-05-30T14:15:18.006000,2026-05-30T14:15:18.006000,0,1,2026-05-30T14:15:18.006000,cam01_20260530141518006000.webp
emerald_queen,1,H6,2026-05-30,eq-cam01-20260530-v004,2026-05-30T15:59:56.362000,2026-05-30T15:59:56.362000,0,1,2026-05-30T15:59:56.362000,cam01_20260530155956362000.webp
emerald_queen,1,H6,2026-05-31,eq-cam01-20260531-v001,2026-05-31T08:47:20.657000,2026-05-31T08:47:20.657000,0,1,2026-05-31T08:47:20.657000,cam01_20260531084720657000.webp
emerald_queen,1,H6,2026-05-31,eq-cam01-20260531-v002,2026-05-31T09:22:24.385000,2026-05-31T09:22:24.385000,0,1,2026-05-31T09:22:24.385000,cam01_20260531092224385000.webp
emerald_queen,1,H6,2026-05-31,eq-cam01-20260531-v003,2026-05-31T09:23:33.397000,2026-05-31T09:23:33.397000,0,1,2026-05-31T09:23:33.397000,cam01_20260531092333397000.webp
emerald_queen,1,H6,2026-05-31,eq-cam01-20260531-v004,2026-05-31T09:23:35.790000,2026-05-31T09:23:35.790000,0,1,2026-05-31T09:23:35.790000,cam01_20260531092335790000.webp
emerald_queen,1,H6,2026-05-31,eq-cam01-20260531-v005,2026-05-31T10:20:29.119000,2026-05-31T10:20:29.119000,0,1,2026-05-31T10:20:29.119000,cam01_20260531102029119000.webp
emerald_queen,4,G5,2026-05-31,eq-cam04-20260531-v001,2026-05-31T10:53:18.818000,2026-05-31T10:53:18.818000,0,1,2026-05-31T10:53:18.818000,cam04_20260531105318818000.webp
emerald_queen,12,G4,2026-05-31,eq-cam12-20260531-v001,2026-05-31T11:56:00.613000,2026-05-31T11:56:00.613000,0,1,2026-05-31T11:56:00.613000,cam12_20260531115600613000.webp
emerald_queen,1,H6,2026-05-31,eq-cam01-20260531-v006,2026-05-31T12:04:07.491000,2026-05-31T12:04:07.698000,0.207,2,2026-05-31T12:04:07.491000,cam01_20260531120407491000.webp
emerald_queen,12,G4,2026-05-31,eq-cam12-20260531-v002,2026-05-31T12:06:15.100000,2026-05-31T12:06:15.100000,0,1,2026-05-31T12:06:15.100000,cam12_20260531120615100000.webp
emerald_queen,12,G4,2026-05-31,eq-cam12-20260531-v003,2026-05-31T12:06:19.900000,2026-05-31T12:06:19.900000,0,1,2026-05-31T12:06:19.900000,cam12_20260531120619900000.webp
emerald_queen,12,G4,2026-05-31,eq-cam12-20260531-v004,2026-05-31T12:06:24.702000,2026-05-31T12:06:25.501000,0.799,2,2026-05-31T12:06:25.501000,cam12_20260531120625501000.webp
emerald_queen,12,G4,2026-05-31,eq-cam12-20260531-v005,2026-05-31T12:06:27.901000,2026-05-31T12:06:28.903000,1.002,2,2026-05-31T12:06:28.903000,cam12_20260531120628903000.webp
emerald_queen,12,G4,2026-05-31,eq-cam12-20260531-v006,2026-05-31T12:22:26.043000,2026-05-31T12:22:26.043000,0,1,2026-05-31T12:22:26.043000,cam12_20260531122226043000.webp
emerald_queen,12,G4,2026-05-31,eq-cam12-20260531-v007,2026-05-31T12:22:33.450000,2026-05-31T12:22:35.447000,1.997,3,2026-05-31T12:22:35.447000,cam12_20260531122235447000.webp
emerald_queen,12,G4,2026-05-31,eq-cam12-20260531-v008,2026-05-31T12:22:39.455000,2026-05-31T12:22:39.455000,0,1,2026-05-31T12:22:39.455000,cam12_20260531122239455000.webp
emerald_queen,12,G4,2026-05-31,eq-cam12-20260531-v009,2026-05-31T12:22:46.255000,2026-05-31T12:22:49.448000,3.193,4,2026-05-31T12:22:46.255000,cam12_20260531122246255000.webp
emerald_queen,12,G4,2026-05-31,eq-cam12-20260531-v010,2026-05-31T12:22:52.449000,2026-05-31T12:22:52.449000,0,1,2026-05-31T12:22:52.449000,cam12_20260531122252449000.webp
emerald_queen,12,G4,2026-05-31,eq-cam12-20260531-v011,2026-05-31T12:23:05.052000,2026-05-31T12:23:05.459000,0.407,2,2026-05-31T12:23:05.459000,cam12_20260531122305459000.webp
emerald_queen,12,G4,2026-05-31,eq-cam12-20260531-v012,2026-05-31T12:23:08.451000,2026-05-31T12:23:08.451000,0,1,2026-05-31T12:23:08.451000,cam12_20260531122308451000.webp
emerald_queen,12,G4,2026-05-31,eq-cam12-20260531-v013,2026-05-31T13:14:33.315000,2026-05-31T13:14:33.315000,0,1,2026-05-31T13:14:33.315000,cam12_20260531131433315000.webp
emerald_queen,12,G4,2026-05-31,eq-cam12-20260531-v014,2026-05-31T13:14:47.719000,2026-05-31T13:14:49.325000,1.606,2,2026-05-31T13:14:49.325000,cam12_20260531131449325000.webp
emerald_queen,12,G4,2026-05-31,eq-cam12-20260531-v015,2026-05-31T13:15:02.721000,2026-05-31T13:15:02.721000,0,1,2026-05-31T13:15:02.721000,cam12_20260531131502721000.webp
emerald_queen,12,G4,2026-05-31,eq-cam12-20260531-v016,2026-05-31T13:34:00.490000,2026-05-31T13:34:00.692000,0.202,2,2026-05-31T13:34:00.692000,cam12_20260531133400692000.webp
emerald_queen,12,G4,2026-05-31,eq-cam12-20260531-v017,2026-05-31T13:34:10.692000,2026-05-31T13:34:10.893000,0.201,2,2026-05-31T13:34:10.692000,cam12_20260531133410692000.webp
emerald_queen,12,G4,2026-05-31,eq-cam12-20260531-v018,2026-05-31T13:34:25.501000,2026-05-31T13:34:25.501000,0,1,2026-05-31T13:34:25.501000,cam12_20260531133425501000.webp
emerald_queen,12,G4,2026-05-31,eq-cam12-20260531-v019,2026-05-31T14:14:09.453000,2026-05-31T14:14:09.453000,0,1,2026-05-31T14:14:09.453000,cam12_20260531141409453000.webp
emerald_queen,5,F3,2026-05-31,eq-cam05-20260531-v001,2026-05-31T14:39:37.398000,2026-05-31T14:39:37.398000,0,1,2026-05-31T14:39:37.398000,cam05_20260531143937398000.webp
emerald_queen,12,G4,2026-05-31,eq-cam12-20260531-v020,2026-05-31T14:59:25.868000,2026-05-31T14:59:25.868000,0,1,2026-05-31T14:59:25.868000,cam12_20260531145925868000.webp
emerald_queen,12,G4,2026-05-31,eq-cam12-20260531-v021,2026-05-31T15:02:53.093000,2026-05-31T15:02:53.093000,0,1,2026-05-31T15:02:53.093000,cam12_20260531150253093000.webp
emerald_queen,12,G4,2026-05-31,eq-cam12-20260531-v022,2026-05-31T17:59:39.271000,2026-05-31T17:59:39.271000,0,1,2026-05-31T17:59:39.271000,cam12_20260531175939271000.webp
emerald_queen,1,H6,2026-06-01,eq-cam01-20260601-v001,2026-06-01T08:33:19.868000,2026-06-01T08:33:28.453000,8.585,13,2026-06-01T08:33:27.252000,cam01_20260601083327252000.webp
emerald_queen,1,H6,2026-06-01,eq-cam01-20260601-v002,2026-06-01T08:33:36.463000,2026-06-01T08:33:40.859000,4.396,7,2026-06-01T08:33:36.463000,cam01_20260601083336463000.webp
emerald_queen,1,H6,2026-06-01,eq-cam01-20260601-v003,2026-06-01T08:33:48.478000,2026-06-01T08:33:49.057000,0.579,2,2026-06-01T08:33:48.478000,cam01_20260601083348478000.webp
emerald_queen,1,H6,2026-06-01,eq-cam01-20260601-v004,2026-06-01T08:34:06.259000,2026-06-01T08:34:07.860000,1.601,3,2026-06-01T08:34:06.259000,cam01_20260601083406259000.webp
emerald_queen,12,G4,2026-06-01,eq-cam12-20260601-v001,2026-06-01T09:08:16.152000,2026-06-01T09:08:16.152000,0,1,2026-06-01T09:08:16.152000,cam12_20260601090816152000.webp
emerald_queen,15,H5,2026-06-01,eq-cam15-20260601-v001,2026-06-01T10:33:42.235000,2026-06-01T10:33:42.235000,0,1,2026-06-01T10:33:42.235000,cam15_20260601103342235000.webp
emerald_queen,2,G6,2026-06-01,eq-cam02-20260601-v001,2026-06-01T10:54:53.800000,2026-06-01T10:54:53.800000,0,1,2026-06-01T10:54:53.800000,cam02_20260601105453800000.webp
emerald_queen,15,H5,2026-06-01,eq-cam15-20260601-v002,2026-06-01T11:39:57.815000,2026-06-01T11:39:57.815000,0,1,2026-06-01T11:39:57.815000,cam15_20260601113957815000.webp
emerald_queen,16,I5,2026-06-01,eq-cam16-20260601-v001,2026-06-01T11:57:17.346000,2026-06-01T11:57:17.346000,0,1,2026-06-01T11:57:17.346000,cam16_20260601115717346000.webp
emerald_queen,2,G6,2026-06-01,eq-cam02-20260601-v002,2026-06-01T12:32:07.481000,2026-06-01T12:32:07.481000,0,1,2026-06-01T12:32:07.481000,cam02_20260601123207481000.webp
emerald_queen,2,G6,2026-06-01,eq-cam02-20260601-v003,2026-06-01T12:32:09.880000,2026-06-01T12:32:09.880000,0,1,2026-06-01T12:32:09.880000,cam02_20260601123209880000.webp
emerald_queen,12,G4,2026-06-01,eq-cam12-20260601-v002,2026-06-01T13:53:35.315000,2026-06-01T13:53:35.515000,0.2,2,2026-06-01T13:53:35.515000,cam12_20260601135335515000.webp
emerald_queen,2,G6,2026-06-01,eq-cam02-20260601-v004,2026-06-01T16:07:24.012000,2026-06-01T16:07:24.012000,0,1,2026-06-01T16:07:24.012000,cam02_20260601160724012000.webp
emerald_queen,1,H6,2026-06-02,eq-cam01-20260602-v001,2026-06-02T08:31:43.273000,2026-06-02T08:31:43.273000,0,1,2026-06-02T08:31:43.273000,cam01_20260602083143273000.webp
emerald_queen,1,H6,2026-06-02,eq-cam01-20260602-v002,2026-06-02T08:39:18.342000,2026-06-02T08:39:18.543000,0.201,2,2026-06-02T08:39:18.342000,cam01_20260602083918342000.webp
emerald_queen,2,G6,2026-06-02,eq-cam02-20260602-v001,2026-06-02T08:45:48.641000,2026-06-02T08:45:49.045000,0.404,3,2026-06-02T08:45:48.872000,cam02_20260602084548872000.webp
emerald_queen,1,H6,2026-06-02,eq-cam01-20260602-v003,2026-06-02T09:35:10.455000,2026-06-02T09:35:10.455000,0,1,2026-06-02T09:35:10.455000,cam01_20260602093510455000.webp
emerald_queen,2,G6,2026-06-02,eq-cam02-20260602-v002,2026-06-02T10:25:01.531000,2026-06-02T10:25:01.531000,0,1,2026-06-02T10:25:01.531000,cam02_20260602102501531000.webp
emerald_queen,2,G6,2026-06-02,eq-cam02-20260602-v003,2026-06-02T10:53:39.191000,2026-06-02T10:53:42.191000,3,3,2026-06-02T10:53:39.191000,cam02_20260602105339191000.webp
emerald_queen,12,G4,2026-06-02,eq-cam12-20260602-v001,2026-06-02T11:10:50.174000,2026-06-02T11:10:50.174000,0,1,2026-06-02T11:10:50.174000,cam12_20260602111050174000.webp
emerald_queen,16,I5,2026-06-02,eq-cam16-20260602-v001,2026-06-02T11:36:00.517000,2026-06-02T11:36:00.727000,0.21,2,2026-06-02T11:36:00.727000,cam16_20260602113600727000.webp
emerald_queen,16,I5,2026-06-02,eq-cam16-20260602-v002,2026-06-02T11:36:05.518000,2026-06-02T11:36:06.318000,0.8,4,2026-06-02T11:36:06.318000,cam16_20260602113606318000.webp
emerald_queen,12,G4,2026-06-02,eq-cam12-20260602-v002,2026-06-02T12:17:35.376000,2026-06-02T12:17:36.774000,1.398,2,2026-06-02T12:17:36.774000,cam12_20260602121736774000.webp
emerald_queen,12,G4,2026-06-02,eq-cam12-20260602-v003,2026-06-02T12:17:39.183000,2026-06-02T12:17:40.779000,1.596,2,2026-06-02T12:17:40.779000,cam12_20260602121740779000.webp
emerald_queen,5,F3,2026-06-02,eq-cam05-20260602-v001,2026-06-02T12:38:43.708000,2026-06-02T12:38:43.708000,0,1,2026-06-02T12:38:43.708000,cam05_20260602123843708000.webp
emerald_queen,12,G4,2026-06-02,eq-cam12-20260602-v004,2026-06-02T13:10:28.274000,2026-06-02T13:10:29.255000,0.981,2,2026-06-02T13:10:29.255000,cam12_20260602131029255000.webp
emerald_queen,4,G5,2026-06-02,eq-cam04-20260602-v001,2026-06-02T13:29:45.041000,2026-06-02T13:29:45.041000,0,1,2026-06-02T13:29:45.041000,cam04_20260602132945041000.webp
emerald_queen,4,G5,2026-06-02,eq-cam04-20260602-v002,2026-06-02T13:32:47.274000,2026-06-02T13:32:47.668000,0.394,2,2026-06-02T13:32:47.668000,cam04_20260602133247668000.webp
emerald_queen,19,F5,2026-06-02,eq-cam19-20260602-v001,2026-06-02T13:33:10.961000,2026-06-02T13:33:10.961000,0,1,2026-06-02T13:33:10.961000,cam19_20260602133310961000.webp
emerald_queen,5,F3,2026-06-02,eq-cam05-20260602-v002,2026-06-02T14:56:53.958000,2026-06-02T14:56:53.958000,0,1,2026-06-02T14:56:53.958000,cam05_20260602145653958000.webp
emerald_queen,4,G5,2026-06-02,eq-cam04-20260602-v003,2026-06-02T15:05:45.711000,2026-06-02T15:05:45.909000,0.198,2,2026-06-02T15:05:45.909000,cam04_20260602150545909000.webp
emerald_queen,12,G4,2026-06-02,eq-cam12-20260602-v005,2026-06-02T15:15:06.379000,2026-06-02T15:15:06.379000,0,1,2026-06-02T15:15:06.379000,cam12_20260602151506379000.webp
emerald_queen,2,G6,2026-06-02,eq-cam02-20260602-v004,2026-06-02T16:41:45.528000,2026-06-02T16:41:45.528000,0,1,2026-06-02T16:41:45.528000,cam02_20260602164145528000.webp
emerald_queen,2,G6,2026-06-02,eq-cam02-20260602-v005,2026-06-02T17:39:17.257000,2026-06-02T17:39:17.257000,0,1,2026-06-02T17:39:17.257000,cam02_20260602173917257000.webp
emerald_queen,4,G5,2026-06-02,eq-cam04-20260602-v004,2026-06-02T18:13:45.791000,2026-06-02T18:13:45.993000,0.202,2,2026-06-02T18:13:45.791000,cam04_20260602181345791000.webp
emerald_queen,5,F3,2026-06-02,eq-cam05-20260602-v003,2026-06-02T18:47:41.643000,2026-06-02T18:47:41.837000,0.194,2,2026-06-02T18:47:41.643000,cam05_20260602184741643000.webp
emerald_queen,14,F6,2026-06-03,eq-cam14-20260603-v001,2026-06-03T08:46:22.069000,2026-06-03T08:46:22.069000,0,1,2026-06-03T08:46:22.069000,cam14_20260603084622069000.webp
emerald_queen,14,F6,2026-06-03,eq-cam14-20260603-v002,2026-06-03T08:46:24.269000,2026-06-03T08:46:38.280000,14.011,28,2026-06-03T08:46:30.870000,cam14_20260603084630870000.webp
emerald_queen,14,F6,2026-06-03,eq-cam14-20260603-v003,2026-06-03T08:46:41.877000,2026-06-03T08:46:42.872000,0.995,5,2026-06-03T08:46:41.877000,cam14_20260603084641877000.webp
emerald_queen,12,G4,2026-06-03,eq-cam12-20260603-v001,2026-06-03T09:35:48.264000,2026-06-03T09:35:48.264000,0,1,2026-06-03T09:35:48.264000,cam12_20260603093548264000.webp
emerald_queen,2,G6,2026-06-03,eq-cam02-20260603-v001,2026-06-03T10:04:15.119000,2026-06-03T10:04:17.321000,2.202,3,2026-06-03T10:04:17.321000,cam02_20260603100417321000.webp
emerald_queen,2,G6,2026-06-03,eq-cam02-20260603-v002,2026-06-03T10:42:18.464000,2026-06-03T10:42:18.464000,0,1,2026-06-03T10:42:18.464000,cam02_20260603104218464000.webp
emerald_queen,2,G6,2026-06-03,eq-cam02-20260603-v003,2026-06-03T11:08:18.498000,2026-06-03T11:08:21.299000,2.801,4,2026-06-03T11:08:21.299000,cam02_20260603110821299000.webp
emerald_queen,1,H6,2026-06-03,eq-cam01-20260603-v001,2026-06-03T12:01:23.302000,2026-06-03T12:01:23.302000,0,1,2026-06-03T12:01:23.302000,cam01_20260603120123302000.webp
emerald_queen,1,H6,2026-06-03,eq-cam01-20260603-v002,2026-06-03T12:13:31.199000,2026-06-03T12:13:31.199000,0,1,2026-06-03T12:13:31.199000,cam01_20260603121331199000.webp
emerald_queen,1,H6,2026-06-03,eq-cam01-20260603-v003,2026-06-03T12:21:40.480000,2026-06-03T12:21:40.480000,0,1,2026-06-03T12:21:40.480000,cam01_20260603122140480000.webp
emerald_queen,1,H6,2026-06-03,eq-cam01-20260603-v004,2026-06-03T12:21:51.475000,2026-06-03T12:21:51.876000,0.401,2,2026-06-03T12:21:51.876000,cam01_20260603122151876000.webp
emerald_queen,1,H6,2026-06-03,eq-cam01-20260603-v005,2026-06-03T12:21:57.875000,2026-06-03T12:21:57.875000,0,1,2026-06-03T12:21:57.875000,cam01_20260603122157875000.webp
emerald_queen,1,H6,2026-06-03,eq-cam01-20260603-v006,2026-06-03T12:22:00.478000,2026-06-03T12:22:00.679000,0.201,2,2026-06-03T12:22:00.679000,cam01_20260603122200679000.webp
emerald_queen,1,H6,2026-06-03,eq-cam01-20260603-v007,2026-06-03T12:22:04.888000,2026-06-03T12:22:04.888000,0,1,2026-06-03T12:22:04.888000,cam01_20260603122204888000.webp
emerald_queen,1,H6,2026-06-03,eq-cam01-20260603-v008,2026-06-03T12:26:38.518000,2026-06-03T12:26:40.322000,1.804,2,2026-06-03T12:26:40.322000,cam01_20260603122640322000.webp
emerald_queen,1,H6,2026-06-03,eq-cam01-20260603-v009,2026-06-03T12:26:49.721000,2026-06-03T12:26:49.721000,0,1,2026-06-03T12:26:49.721000,cam01_20260603122649721000.webp
emerald_queen,1,H6,2026-06-03,eq-cam01-20260603-v010,2026-06-03T12:38:46.029000,2026-06-03T12:38:46.029000,0,1,2026-06-03T12:38:46.029000,cam01_20260603123846029000.webp
emerald_queen,8,J3,2026-06-03,eq-cam08-20260603-v001,2026-06-03T16:38:29.189000,2026-06-03T16:38:29.189000,0,1,2026-06-03T16:38:29.189000,cam08_20260603163829189000.webp
emerald_queen,15,H5,2026-06-04,eq-cam15-20260604-v001,2026-06-04T11:16:57.932000,2026-06-04T11:16:57.932000,0,1,2026-06-04T11:16:57.932000,cam15_20260604111657932000.webp
emerald_queen,15,H5,2026-06-04,eq-cam15-20260604-v002,2026-06-04T11:16:59.937000,2026-06-04T11:16:59.937000,0,1,2026-06-04T11:16:59.937000,cam15_20260604111659937000.webp
emerald_queen,5,F3,2026-06-05,eq-cam05-20260605-v001,2026-06-05T12:47:42.525000,2026-06-05T12:47:42.525000,0,1,2026-06-05T12:47:42.525000,cam05_20260605124742525000.webp
emerald_queen,5,F3,2026-06-07,eq-cam05-20260607-v001,2026-06-07T15:02:41.947000,2026-06-07T15:02:41.947000,0,1,2026-06-07T15:02:41.947000,cam05_20260607150241947000.webp
emerald_queen,15,H5,2026-06-09,eq-cam15-20260609-v001,2026-06-09T07:24:23.464000,2026-06-09T07:24:23.665000,0.201,2,2026-06-09T07:24:23.464000,cam15_20260609072423464000.webp
emerald_queen,15,H5,2026-06-09,eq-cam15-20260609-v002,2026-06-09T10:15:46.158000,2026-06-09T10:15:46.158000,0,1,2026-06-09T10:15:46.158000,cam15_20260609101546158000.webp
emerald_queen,5,F3,2026-06-09,eq-cam05-20260609-v001,2026-06-09T11:42:47.798000,2026-06-09T11:42:48.401000,0.603,4,2026-06-09T11:42:47.798000,cam05_20260609114247798000.webp
emerald_queen,5,F3,2026-06-09,eq-cam05-20260609-v002,2026-06-09T16:54:10.998000,2026-06-09T16:54:10.998000,0,1,2026-06-09T16:54:10.998000,cam05_20260609165410998000.webp
emerald_queen,15,H5,2026-06-10,eq-cam15-20260610-v001,2026-06-10T10:53:58.104000,2026-06-10T10:53:58.903000,0.799,3,2026-06-10T10:53:58.104000,cam15_20260610105358104000.webp
emerald_queen,15,H5,2026-06-10,eq-cam15-20260610-v002,2026-06-10T10:54:01.723000,2026-06-10T10:54:01.723000,0,1,2026-06-10T10:54:01.723000,cam15_20260610105401723000.webp
emerald_queen,15,H5,2026-06-10,eq-cam15-20260610-v003,2026-06-10T11:15:16.315000,2026-06-10T11:15:16.315000,0,1,2026-06-10T11:15:16.315000,cam15_20260610111516315000.webp
emerald_queen,5,F3,2026-06-10,eq-cam05-20260610-v001,2026-06-10T12:40:36.691000,2026-06-10T12:40:37.693000,1.002,5,2026-06-10T12:40:37.693000,cam05_20260610124037693000.webp
emerald_queen,5,F3,2026-06-10,eq-cam05-20260610-v002,2026-06-10T14:56:06.117000,2026-06-10T14:56:06.117000,0,1,2026-06-10T14:56:06.117000,cam05_20260610145606117000.webp
emerald_queen,5,F3,2026-06-10,eq-cam05-20260610-v003,2026-06-10T17:10:14.127000,2026-06-10T17:10:14.320000,0.193,2,2026-06-10T17:10:14.127000,cam05_20260610171014127000.webp
